ID	Building Name	Ward / Area	Priority Type	Housing Type	Floor Plan	Area	Area (sqm)	Monthly Rent	Monthly Rent (¥)	Management Fee (¥)	Deposit (¥)	Available From	Address	Built Year	Total Monthly Cost (¥)	Source	Floor	Train Access	Detail URL	Latitude	Longitude	Google Maps	First Seen (UTC)	Last Seen (UTC)	Distance to Shimbashi (km)	Train Time to Shimbashi (min)
ur_743b39241c08ac48	三鷹台　14号棟606号室	Mitaka City		UR Public Housing	1LDK	56㎡	56.0	147700円	147700	6200	295400	Anytime	三鷹市牟礼2-14	2009	153900	UR	6	JR中央線「三鷹」駅バス12分 徒歩4～9分, JR中央線「吉祥寺」駅バス11分 徒歩2～8分, 京王井の頭線「三鷹台」駅 徒歩14～18分	https://www.ur-net.go.jp/chintai/kanto/tokyo/20_6601_room.html?JKSS=000140606	35.687134	139.580383	https://maps.google.com/?q=35.687134,139.580383	2026-07-27T05:38:01Z	2026-07-28T18:40:49Z	18.0	45
c36194ad02d7356b	カーメスト用賀馬事公苑 1-307	Setagaya Ward	General	General Rental (Fixed Term)	1LDK	45.7	45.7	215700	215700	10000	647100	Immediately Available	世田谷区上用賀四丁目１７番１号	2025	225700	JKK	3		https://www.to-kousya.or.jp/chintai/reco/c_yogabajikoen.html	35.636436581521146	139.63085088622978	https://maps.google.com/?q=35.636436581521146,139.63085088622978	2026-07-17T06:20:12Z	2026-07-18T22:28:16Z	9.7	34
4219faa94132ea52	カーメスト用賀馬事公苑 1-415	Setagaya Ward	General	General Rental (Fixed Term)	1LDK	45.7	45.7	218600	218600	10000	655800	Immediately Available	世田谷区上用賀四丁目１７番１号	2025	228600	JKK	4		https://www.to-kousya.or.jp/chintai/reco/c_yogabajikoen.html	35.636436581521146	139.63085088622978	https://maps.google.com/?q=35.636436581521146,139.63085088622978	2026-06-24T07:56:50Z	2026-07-18T22:28:16Z	9.7	34
ur_ee183f910737daaa	成城通りパークウエスト　3号棟418号室	Setagaya Ward		UR Public Housing	1LDK	52㎡	52.0	156700円	156700	3800	313400	Anytime	世田谷区上祖師谷4-2	1991	160500	UR	4	小田急小田原線「成城学園前」駅バス7分 徒歩2～3分 または「成城学園前」駅 徒歩21分, 京王線「千歳烏山」駅バス12分 徒歩2～3分	https://www.ur-net.go.jp/chintai/kanto/tokyo/20_4600_room.html?JKSS=000030418	35.653099	139.596817	https://maps.google.com/?q=35.653099,139.596817	2026-07-25T09:43:33Z	2026-07-28T18:40:49Z	9.7	34
ur_d0eb298a40468191	フレール西経堂　16号棟302号室	Setagaya Ward	Priority	UR Public Housing	2DK	45㎡	45.0	144800円	144800	5470	289600	Anytime	世田谷区船橋5-17	1996	150270	UR	3	小田急小田原線「千歳船橋」駅 徒歩11～15分, 小田急小田原線「経堂」駅 徒歩11～19分, 京王線「八幡山」駅バス4～5分 徒歩5～9分	https://www.ur-net.go.jp/chintai/kanto/tokyo/20_5440_room.html?JKSS=000160302	35.655632	139.623764	https://maps.google.com/?q=35.655632,139.623764	2026-07-28T07:37:44Z	2026-07-28T18:40:49Z	9.7	34
ur_1cf6de98fa3771ed	フレール西経堂　18号棟304号室	Setagaya Ward	Priority	UR Public Housing	2DK	52㎡	52.0	191600円	191600	5470	383200	Anytime	世田谷区船橋5-17	1998	197070	UR	3	小田急小田原線「千歳船橋」駅 徒歩11～15分, 小田急小田原線「経堂」駅 徒歩11～19分, 京王線「八幡山」駅バス4～5分 徒歩5～9分	https://www.ur-net.go.jp/chintai/kanto/tokyo/20_5440_room.html?JKSS=000180304	35.655632	139.623764	https://maps.google.com/?q=35.655632,139.623764	2026-07-28T01:38:27Z	2026-07-28T18:40:49Z	9.7	34
ur_41b2de47eae167a8	シティコート世田谷給田　D号棟404号室	Setagaya Ward		UR Public Housing	2DK	54㎡	54.0	166500円	166500	8100	333000	Anytime	世田谷区給田5-8-5	1998	174600	UR	4	京王線「千歳烏山」駅バス4分 徒歩2～4分, 京王線「仙川」駅 徒歩15～18分	https://www.ur-net.go.jp/chintai/kanto/tokyo/20_5780_room.html?JKSS=000D00404	35.671482	139.586853	https://maps.google.com/?q=35.671482,139.586853	2026-07-25T07:44:44Z	2026-07-28T18:40:49Z	9.7	34
511fcde968457120	カーメスト用賀馬事公苑 1-104	Setagaya Ward	General	General Rental (Fixed Term)	2LDK	54.52	54.52	245300	245300	10000	735900	Immediately Available	世田谷区上用賀四丁目１７番１号	2025	255300	JKK	1		https://www.to-kousya.or.jp/chintai/reco/c_yogabajikoen.html	35.636436581521146	139.63085088622978	https://maps.google.com/?q=35.636436581521146,139.63085088622978	2026-06-24T07:56:50Z	2026-07-18T22:28:16Z	9.7	34
a4eda47bb862bce4	カーメスト用賀馬事公苑 1-403	Setagaya Ward	General	General Rental (Fixed Term)	2LDK	54.52	54.52	266400	266400	10000	799200	Immediately Available	世田谷区上用賀四丁目１７番１号	2025	276400	JKK	4		https://www.to-kousya.or.jp/chintai/reco/c_yogabajikoen.html	35.636436581521146	139.63085088622978	https://maps.google.com/?q=35.636436581521146,139.63085088622978	2026-05-31T03:05:08Z	2026-07-18T22:28:16Z	9.7	34
84d29d30790bdc9b	カーメスト用賀馬事公苑 1-301	Setagaya Ward	General	General Rental (Fixed Term)	2LDK	56.76	56.76	273700	273700	10000	821100	Immediately Available	世田谷区上用賀四丁目１７番１号	2025	283700	JKK	3		https://www.to-kousya.or.jp/chintai/reco/c_yogabajikoen.html	35.636436581521146	139.63085088622978	https://maps.google.com/?q=35.636436581521146,139.63085088622978	2026-07-17T08:05:05Z	2026-07-18T22:28:16Z	9.7	34
eb02a9d1d241f8b4	カーメスト用賀馬事公苑 1-212	Setagaya Ward	General	General Rental (Fixed Term)	2LDK	60.51	60.51	286400	286400	10000	859200	Immediately Available	世田谷区上用賀四丁目１７番１号	2025	296400	JKK	2		https://www.to-kousya.or.jp/chintai/reco/c_yogabajikoen.html	35.636436581521146	139.63085088622978	https://maps.google.com/?q=35.636436581521146,139.63085088622978	2026-05-31T03:05:08Z	2026-07-18T22:28:16Z	9.7	34
6e465a3952613249	カーメスト用賀馬事公苑 1-204	Setagaya Ward	General	General Rental (Fixed Term)	3LDK	64.16	64.16	298000	298000	10000	894000	Immediately Available	世田谷区上用賀四丁目１７番１号	2025	308000	JKK	2		https://www.to-kousya.or.jp/chintai/reco/c_yogabajikoen.html	35.636436581521146	139.63085088622978	https://maps.google.com/?q=35.636436581521146,139.63085088622978	2026-05-31T03:05:08Z	2026-07-18T22:28:16Z	9.7	34
25017100a3554ae4	カーメスト用賀馬事公苑 1-102	Setagaya Ward	General	General Rental (Fixed Term)	3LDK	65.27	65.27	297500	297500	10000	892500	Immediately Available	世田谷区上用賀四丁目１７番１号	2025	307500	JKK	1		https://www.to-kousya.or.jp/chintai/reco/c_yogabajikoen.html	35.636436581521146	139.63085088622978	https://maps.google.com/?q=35.636436581521146,139.63085088622978	2026-05-31T03:05:08Z	2026-07-18T22:28:16Z	9.7	34
e2deb918a2aa79cc	カーメスト用賀馬事公苑 1-206	Setagaya Ward	General	General Rental (Fixed Term)	3LDK	65.27	65.27	304500	304500	10000	913500	Immediately Available	世田谷区上用賀四丁目１７番１号	2025	314500	JKK	2		https://www.to-kousya.or.jp/chintai/reco/c_yogabajikoen.html	35.636436581521146	139.63085088622978	https://maps.google.com/?q=35.636436581521146,139.63085088622978	2026-05-31T03:05:08Z	2026-07-18T22:28:16Z	9.7	34
2c75bb74948df1dc	カーメスト用賀馬事公苑 1-209	Setagaya Ward	General	General Rental (Fixed Term)	3LDK	65.27	65.27	304500	304500	10000	913500	Immediately Available	世田谷区上用賀四丁目１７番１号	2025	314500	JKK	2		https://www.to-kousya.or.jp/chintai/reco/c_yogabajikoen.html	35.636436581521146	139.63085088622978	https://maps.google.com/?q=35.636436581521146,139.63085088622978	2026-05-31T03:05:08Z	2026-07-18T22:28:16Z	9.7	34
557416acea09e927	カーメスト用賀馬事公苑 1-306	Setagaya Ward	General	General Rental (Fixed Term)	3LDK	65.27	65.27	308700	308700	10000	926100	Immediately Available	世田谷区上用賀四丁目１７番１号	2025	318700	JKK	3		https://www.to-kousya.or.jp/chintai/reco/c_yogabajikoen.html	35.636436581521146	139.63085088622978	https://maps.google.com/?q=35.636436581521146,139.63085088622978	2026-05-31T03:05:08Z	2026-07-18T22:28:16Z	9.7	34
cc94b43f59fdd0df	カーメスト用賀馬事公苑 1-115	Setagaya Ward	General	General Rental (Fixed Term)	3LDK	66.33	66.33	313800	313800	10000	941400	Immediately Available	世田谷区上用賀四丁目１７番１号	2025	323800	JKK	1		https://www.to-kousya.or.jp/chintai/reco/c_yogabajikoen.html	35.636436581521146	139.63085088622978	https://maps.google.com/?q=35.636436581521146,139.63085088622978	2026-05-31T03:05:08Z	2026-07-18T22:28:16Z	9.7	34
8ca6ae8f959c3019	カーメスト用賀馬事公苑 1-323	Setagaya Ward	General	General Rental (Fixed Term)	3LDK	66.33	66.33	325200	325200	10000	975600	Immediately Available	世田谷区上用賀四丁目１７番１号	2025	335200	JKK	3		https://www.to-kousya.or.jp/chintai/reco/c_yogabajikoen.html	35.636436581521146	139.63085088622978	https://maps.google.com/?q=35.636436581521146,139.63085088622978	2026-05-31T03:05:08Z	2026-07-18T22:28:16Z	9.7	34
81fd6fb83e24e75b	カーメスト用賀馬事公苑 1-418	Setagaya Ward	General	General Rental (Fixed Term)	3LDK	66.33	66.33	336600	336600	10000	1009800	Immediately Available	世田谷区上用賀四丁目１７番１号	2025	346600	JKK	4		https://www.to-kousya.or.jp/chintai/reco/c_yogabajikoen.html	35.636436581521146	139.63085088622978	https://maps.google.com/?q=35.636436581521146,139.63085088622978	2026-06-05T01:35:00Z	2026-07-18T22:28:16Z	9.7	34
10cb0b702cb3e447	カーメスト用賀馬事公苑 1-303	Setagaya Ward	General	General Rental (Fixed Term)	3LDK	75.68	75.68	362500	362500	10000	1087500	Immediately Available	世田谷区上用賀四丁目１７番１号	2025	372500	JKK	3		https://www.to-kousya.or.jp/chintai/reco/c_yogabajikoen.html	35.636436581521146	139.63085088622978	https://maps.google.com/?q=35.636436581521146,139.63085088622978	2026-05-31T03:05:08Z	2026-07-18T22:28:16Z	9.7	34
ur_d62b3d4a71881c30	八王子パークヒル 宇津木台　511号室	Hachioji City		UR Public Housing	1LDK	51㎡	51.0	87600円	87600	4200	175200	Anytime	八王子市久保山町2ほか	1991	91800	UR	5	JR八高線「小宮」駅 徒歩11～16分, JR中央線「日野」駅バス13分 徒歩3～5分, JR中央線「八王子」・京王線「京王八王子」駅バス22～24分 徒歩3～5分	https://www.ur-net.go.jp/chintai/kanto/tokyo/20_4080_room.html?JKSS=109010511	35.686413	139.355515	https://maps.google.com/?q=35.686413,139.355515	2026-07-21T09:38:48Z	2026-07-28T18:40:49Z	39.8	85
ur_d9d441da06b76e3a	多摩ニュータウン 南大沢学園二番街　3号棟602号室	Hachioji City		UR Public Housing	1LDK	54㎡	54.0	101200円	101200	4490	202400	Anytime	八王子市上柚木3-5	1994	105690	UR	6	京王相模原線「南大沢」駅 徒歩11～14分, 京王線「聖蹟桜ヶ丘」駅バス28分 徒歩5～7分, 京王相模原線「多摩境」駅 徒歩27～30分	https://www.ur-net.go.jp/chintai/kanto/tokyo/20_5070_room.html?JKSS=000030602	35.616093	139.372635	https://maps.google.com/?q=35.616093,139.372635	2026-07-24T01:45:54Z	2026-07-28T18:40:49Z	39.8	85
ur_db1a3e8ffbabc65b	館ヶ丘　1-14号棟504号室	Hachioji City		UR Public Housing	2DK	42㎡	42.0	47200円	47200	4500	94400	Anytime	八王子市館町1097	1975	51700	UR	5	JR中央線「高尾」駅バス7分 徒歩1～11分, 京王高尾線「高尾」駅バス7分 徒歩1～11分, JR中央本線「高尾」駅 徒歩29～38分	https://www.ur-net.go.jp/chintai/kanto/tokyo/20_2600_room.html?JKSS=001140504	35.629959	139.284119	https://maps.google.com/?q=35.629959,139.284119	2026-07-24T01:45:54Z	2026-07-28T18:40:49Z	39.8	85
ur_36a62516d4ed5c4d	八王子パークヒル 宇津木台　4号棟103号室	Hachioji City		UR Public Housing	2LDK	62㎡	62.0	78100円	78100	3700	156200	Anytime	八王子市久保山町2ほか	1987	81800	UR	1	JR八高線「小宮」駅 徒歩11～16分, JR中央線「日野」駅バス13分 徒歩3～5分, JR中央線「八王子」・京王線「京王八王子」駅バス22～24分 徒歩3～5分	https://www.ur-net.go.jp/chintai/kanto/tokyo/20_4080_room.html?JKSS=002040103	35.686413	139.355515	https://maps.google.com/?q=35.686413,139.355515	2026-07-26T05:38:16Z	2026-07-28T18:40:49Z	39.8	85
ur_60381ce376b028bd	館ヶ丘　3-2号棟309号室	Hachioji City		UR Public Housing	3K	48㎡	48.0	56200円	56200	4500	112400	Anytime	八王子市館町1097	1975	60700	UR	3	JR中央線「高尾」駅バス7分 徒歩1～11分, 京王高尾線「高尾」駅バス7分 徒歩1～11分, JR中央本線「高尾」駅 徒歩29～38分	https://www.ur-net.go.jp/chintai/kanto/tokyo/20_2600_room.html?JKSS=003020309	35.629959	139.284119	https://maps.google.com/?q=35.629959,139.284119	2026-07-24T07:37:33Z	2026-07-28T18:40:49Z	39.8	85
ur_93095d51cf9ec626	館ヶ丘　3-6号棟309号室	Hachioji City		UR Public Housing	3K	48㎡	48.0	56200円	56200	4500	112400	Anytime	八王子市館町1097	1975	60700	UR	3	JR中央線「高尾」駅バス7分 徒歩1～11分, 京王高尾線「高尾」駅バス7分 徒歩1～11分, JR中央本線「高尾」駅 徒歩29～38分	https://www.ur-net.go.jp/chintai/kanto/tokyo/20_2600_room.html?JKSS=003060309	35.629959	139.284119	https://maps.google.com/?q=35.629959,139.284119	2026-07-28T03:37:03Z	2026-07-28T18:40:49Z	39.8	85
6ec1effff246b5b1	松が谷 49-4-503	Hachioji City	General	一賃リニューアル（期限付）	3DK	51.38	51.38	57500	57500	2400	115000	Immediately Available	八王子市松が谷４９－４	1976	59900	JKK	5		https://www.to-kousya.or.jp/chintai/reco/matsugaya.html	35.62982587	139.4130014	https://maps.google.com/?q=35.62982587,139.4130014	2026-07-10T06:37:38Z	2026-07-18T22:28:16Z	39.8	85
ur_efe67b5ffe6f49fe	館ヶ丘　1-8号棟409号室	Hachioji City		UR Public Housing	3DK	53㎡	53.0	60900円	60900	4500	121800	Anytime	八王子市館町1097	1975	65400	UR	4	JR中央線「高尾」駅バス7分 徒歩1～11分, 京王高尾線「高尾」駅バス7分 徒歩1～11分, JR中央本線「高尾」駅 徒歩29～38分	https://www.ur-net.go.jp/chintai/kanto/tokyo/20_2600_room.html?JKSS=001080409	35.629959	139.284119	https://maps.google.com/?q=35.629959,139.284119	2026-07-11T07:37:41Z	2026-07-28T18:40:49Z	39.8	85
ur_9419758a4135d51d	館ヶ丘　1-10号棟301号室	Hachioji City		UR Public Housing	3DK	53㎡	53.0	60900円	60900	4500	121800	Anytime	八王子市館町1097	1975	65400	UR	3	JR中央線「高尾」駅バス7分 徒歩1～11分, 京王高尾線「高尾」駅バス7分 徒歩1～11分, JR中央本線「高尾」駅 徒歩29～38分	https://www.ur-net.go.jp/chintai/kanto/tokyo/20_2600_room.html?JKSS=001100301	35.629959	139.284119	https://maps.google.com/?q=35.629959,139.284119	2026-07-17T01:43:10Z	2026-07-28T18:40:49Z	39.8	85
a905e339371c05b5	横川町 1-506	Hachioji City	Support / Subsidised	General Rental	3DK	56.12	56.12	58000	58000	3100	116000	Immediately Available	八王子市横川町１０８－１	1980	61100	JKK	5		https://www.to-kousya.or.jp/chintai/reco/yokokawachou.html	35.66784312	139.3087524	https://maps.google.com/?q=35.66784312,139.3087524	2026-07-18T05:03:13Z	2026-07-18T22:28:16Z	39.8	85
88bdbb11eb44879d	横川町 4-402	Hachioji City	Support / Subsidised	General Rental	3DK	62.42	62.42	62100	62100	3100	124200	Immediately Available	八王子市横川町１０８－４	1980	65200	JKK	4		https://www.to-kousya.or.jp/chintai/reco/yokokawachou.html	35.66784312	139.3087524	https://maps.google.com/?q=35.66784312,139.3087524	2026-07-17T07:35:58Z	2026-07-18T22:28:16Z	39.8	85
ur_129ff7419f45768a	グリーンヒル寺田　99号棟205号室	Hachioji City	Priority	UR Public Housing	3DK	68㎡	68.0	73200円	73200	4900	146400	Anytime	八王子市寺田町432	1981	78100	UR	2	京王高尾線「めじろ台」駅バス6分 徒歩1～7分, JR中央線「西八王子」駅バス17分 徒歩1～7分, JR横浜線「八王子みなみ野」駅バス12分 徒歩1～7分	https://www.ur-net.go.jp/chintai/kanto/tokyo/20_3370_room.html?JKSS=000990205	35.620735	139.300934	https://maps.google.com/?q=35.620735,139.300934	2026-07-24T01:45:54Z	2026-07-28T18:40:49Z	39.8	85
ur_5915385a8872eaf8	多摩ニュータウン シティハイツ南大沢　2号棟501号室	Hachioji City		UR Public Housing	3DK	76㎡	76.0	105900円	105900	4600	211800	Anytime	八王子市南大沢4-10	1985	110500	UR	5	京王相模原線「南大沢」駅 徒歩7～9分, 京王相模原線「多摩境」駅 徒歩24～26分, 京王相模原線「京王堀之内」駅 徒歩40～42分	https://www.ur-net.go.jp/chintai/kanto/tokyo/20_3770_room.html?JKSS=000020501	35.611095	139.378067	https://maps.google.com/?q=35.611095,139.378067	2026-07-11T01:38:57Z	2026-07-28T18:40:49Z	39.8	85
ur_3e243260c1a34a9d	八王子パークヒル 宇津木台　1号棟506号室	Hachioji City		UR Public Housing	3LDK	65㎡	65.0	78500円	78500	3700	157000	Anytime	八王子市久保山町2ほか	1987	82200	UR	5	JR八高線「小宮」駅 徒歩11～16分, JR中央線「日野」駅バス13分 徒歩3～5分, JR中央線「八王子」・京王線「京王八王子」駅バス22～24分 徒歩3～5分	https://www.ur-net.go.jp/chintai/kanto/tokyo/20_4080_room.html?JKSS=002010506	35.686413	139.355515	https://maps.google.com/?q=35.686413,139.355515	2026-07-17T01:43:10Z	2026-07-28T18:40:49Z	39.8	85
ur_96dfd1a513908b7b	八王子パークヒル 宇津木台　3号棟506号室	Hachioji City		UR Public Housing	3LDK	75㎡	75.0	89600円	89600	3700	179200	Anytime	八王子市久保山町2ほか	1987	93300	UR	5	JR八高線「小宮」駅 徒歩11～16分, JR中央線「日野」駅バス13分 徒歩3～5分, JR中央線「八王子」・京王線「京王八王子」駅バス22～24分 徒歩3～5分	https://www.ur-net.go.jp/chintai/kanto/tokyo/20_4080_room.html?JKSS=002030506	35.686413	139.355515	https://maps.google.com/?q=35.686413,139.355515	2026-07-17T01:43:10Z	2026-07-28T18:40:49Z	39.8	85
ur_3ab82f8a938e679c	八王子パークヒル 宇津木台　304号室	Hachioji City		UR Public Housing	3LDK	77㎡	77.0	104500円	104500	4200	209000	Anytime	八王子市久保山町2ほか	1991	108700	UR	3	JR八高線「小宮」駅 徒歩11～16分, JR中央線「日野」駅バス13分 徒歩3～5分, JR中央線「八王子」・京王線「京王八王子」駅バス22～24分 徒歩3～5分	https://www.ur-net.go.jp/chintai/kanto/tokyo/20_4080_room.html?JKSS=109010304	35.686413	139.355515	https://maps.google.com/?q=35.686413,139.355515	2026-07-24T01:45:54Z	2026-07-28T18:40:49Z	39.8	85
ur_82f1512f3313ee0f	多摩ニュータウン 南大沢学園二番街　4号棟607号室	Hachioji City		UR Public Housing	4LDK	94㎡	94.0	156600円	156600	4490	313200	Anytime	八王子市上柚木3-5	1994	161090	UR	6	京王相模原線「南大沢」駅 徒歩11～14分, 京王線「聖蹟桜ヶ丘」駅バス28分 徒歩5～7分, 京王相模原線「多摩境」駅 徒歩27～30分	https://www.ur-net.go.jp/chintai/kanto/tokyo/20_5070_room.html?JKSS=000040607	35.616093	139.372635	https://maps.google.com/?q=35.616093,139.372635	2026-07-24T09:40:00Z	2026-07-28T18:40:49Z	39.8	85
ur_b459f1fab23add7d	多摩ニュータウン グランピア南大沢　4号棟404号室	Hachioji City		UR Public Housing	5LDK	122㎡	122.0	172800円	172800	4600	345600	Anytime	八王子市上柚木2-63	2004	177400	UR	4	京王相模原線「南大沢」駅 徒歩18～23分, 京王相模原線「南大沢」駅バス8分 徒歩2～6分, 京王線「北野」駅バス23分 徒歩4～8分	https://www.ur-net.go.jp/chintai/kanto/tokyo/20_6250_room.html?JKSS=000040404	35.614475	139.366104	https://maps.google.com/?q=35.614475,139.366104	2026-07-17T01:43:10Z	2026-07-28T18:40:49Z	39.8	85
ur_83439f024fa359ad	赤羽北二丁目ハイツ　605号室	Kita Ward		UR Public Housing	1LDK	48㎡	48.0	127300円	127300	4600	254600	Anytime	北区赤羽北2-22-10	1987	131900	UR	6	JR埼京線「北赤羽」駅 徒歩5分	https://www.ur-net.go.jp/chintai/kanto/tokyo/20_4010_room.html?JKSS=000000605	35.784718	139.705093	https://maps.google.com/?q=35.784718,139.705093	2026-07-25T01:45:57Z	2026-07-28T18:40:49Z	9.9	24
ur_ebf20eddae5501b7	豊島五丁目　7号棟204号室	Kita Ward		UR Public Housing	2DK	49㎡	49.0	93200円	93200	3300	186400	Anytime	北区豊島5-4ほか	1973	96500	UR	2	JR京浜東北・根岸線「王子」駅バス7分 徒歩2～6分, 東京メトロ南北線「王子」駅バス7分 徒歩2～6分	https://www.ur-net.go.jp/chintai/kanto/tokyo/20_2320_room.html?JKSS=000070204	35.766525	139.750854	https://maps.google.com/?q=35.766525,139.750854	2026-07-28T05:38:11Z	2026-07-28T18:40:49Z	9.9	24
ur_8356348d2055e6d6	いちょう並木国立　1号棟406号室	Kunitachi City		UR Public Housing	2DK	61㎡	61.0	117200円	117200	5600	234400	Anytime	国立市北3-35-1ほか	1998	122800	UR	4	JR中央線「立川」駅 徒歩19～21分 またはバス10分 徒歩2～4分, JR南武線「西国立」駅 徒歩12～16分, 多摩都市モノレール「立川北」駅 徒歩21～22分	https://www.ur-net.go.jp/chintai/kanto/tokyo/20_5770_room.html?JKSS=000010406	35.701736	139.42775	https://maps.google.com/?q=35.701736,139.42775	2026-07-24T01:45:54Z	2026-07-28T18:40:49Z	29.1	73
ur_61af4de8593f0d81	国立富士見台　2-4号棟401号室	Kunitachi City		UR Public Housing	3K	45㎡	45.0	75200円	75200	2800	150400	Anytime	国立市富士見台1-7ほか	1966	78000	UR	4	JR南武線「谷保」駅（第1団地）徒歩5～10分、（第2、3団地）徒歩10～15分, JR中央線「国立」駅（第1団地）徒歩21～26分 またはバス5分 徒歩1～9分、（第2、3団地）徒歩23～28分 またはバス8分 徒歩2～5分, JR南武線「矢川」駅（第1団地）バス5分 徒歩1～7分、（第2、3団地）徒歩8～16分	https://www.ur-net.go.jp/chintai/kanto/tokyo/20_1350_room.html?JKSS=000204401	35.684021	139.44783	https://maps.google.com/?q=35.684021,139.44783	2026-07-25T01:45:57Z	2026-07-28T18:40:49Z	29.1	73
ur_c01066fca3da649c	国立富士見台　1-16号棟402号室	Kunitachi City		UR Public Housing	3DK	50㎡	50.0	90600円	90600	2800	181200	Anytime	国立市富士見台1-7ほか	1966	93400	UR	4	JR南武線「谷保」駅（第1団地）徒歩5～10分、（第2、3団地）徒歩10～15分, JR中央線「国立」駅（第1団地）徒歩21～26分 またはバス5分 徒歩1～9分、（第2、3団地）徒歩23～28分 またはバス8分 徒歩2～5分, JR南武線「矢川」駅（第1団地）バス5分 徒歩1～7分、（第2、3団地）徒歩8～16分	https://www.ur-net.go.jp/chintai/kanto/tokyo/20_1350_room.html?JKSS=000116402	35.684021	139.44783	https://maps.google.com/?q=35.684021,139.44783	2026-07-25T01:45:57Z	2026-07-28T18:40:49Z	29.1	73
ur_28977befc4a83eec	国立富士見台　1-22号棟304号室	Kunitachi City		UR Public Housing	4K	59㎡	59.0	102900円	102900	2800	205800	Anytime	国立市富士見台1-7ほか	1966	105700	UR	3	JR南武線「谷保」駅（第1団地）徒歩5～10分、（第2、3団地）徒歩10～15分, JR中央線「国立」駅（第1団地）徒歩21～26分 またはバス5分 徒歩1～9分、（第2、3団地）徒歩23～28分 またはバス8分 徒歩2～5分, JR南武線「矢川」駅（第1団地）バス5分 徒歩1～7分、（第2、3団地）徒歩8～16分	https://www.ur-net.go.jp/chintai/kanto/tokyo/20_1350_room.html?JKSS=000122304	35.684021	139.44783	https://maps.google.com/?q=35.684021,139.44783	2026-07-17T05:37:17Z	2026-07-28T18:40:49Z	29.1	73
d53a9adc612b6a59	落合 4-6-2-701	Tama City	子育・ 高齢	General Rental (Fixed Term)	2DK	44.74	44.74	54500	54500	3600	109000	Immediately Available	多摩市落合４－６－２	1976	58100	JKK	7		https://www.to-kousya.or.jp/chintai/reco/ochiai.html	35.61612178	139.4312559	https://maps.google.com/?q=35.61612178,139.4312559	2026-07-14T01:14:36Z	2026-07-18T22:28:16Z	28.3	67
ur_d706575aeb4f063e	百草　18号棟305号室	Tama City	Priority	UR Public Housing	2DK	45㎡	45.0	54000円	54000	4750	108000	Anytime	多摩市和田1261、日野市百草999	1970	58750	UR	3	京王線「高幡不動」駅 徒歩19～32分 またはバス7～8分 徒歩1～8分, 京王線「聖蹟桜ヶ丘」駅バス14～15分 徒歩1～8分, 京王相模原線「京王多摩センター」駅バス9分 徒歩2～13分	https://www.ur-net.go.jp/chintai/kanto/tokyo/20_1870_room.html?JKSS=000180305	35.645988	139.415894	https://maps.google.com/?q=35.645988,139.415894	2026-07-23T09:38:16Z	2026-07-28T18:40:49Z	28.3	67
ur_6edb64fcd18abb04	多摩ニュータウン 豊ヶ丘（グリーンメゾン豊ヶ丘－６）　5-2-2号棟103号室	Tama City		UR Public Housing	2DK	55㎡	55.0	71400円	71400	4800	142800	Anytime	多摩市豊ヶ丘2ほか	1978	76200	UR	1	京王相模原線「京王多摩センター」駅・小田急多摩線「小田急多摩センター」駅 徒歩16～32分 またはバス12分 徒歩2～14分, 多摩都市モノレール「多摩センター」駅 徒歩17～33分 またはバス12分 徒歩2～14分	https://www.ur-net.go.jp/chintai/kanto/tokyo/20_2710_room.html?JKSS=502020103	35.623928	139.434677	https://maps.google.com/?q=35.623928,139.434677	2026-07-26T09:40:06Z	2026-07-28T18:40:49Z	28.3	67
ur_4380e0f39750050c	多摩ニュータウン メゾン聖ヶ丘－１　3号棟504号室	Tama City		UR Public Housing	2DK	60㎡	60.0	92800円	92800	3400	185600	Anytime	多摩市聖ケ丘1-13	1987	96200	UR	5	京王相模原線「京王永山」駅・小田急多摩線「小田急永山」駅 徒歩18～19分 またはバス4分 徒歩2～3分, 京王線「聖蹟桜ヶ丘」駅 徒歩26～29分	https://www.ur-net.go.jp/chintai/kanto/tokyo/20_4070_room.html?JKSS=000030504	35.638088	139.455887	https://maps.google.com/?q=35.638088,139.455887	2026-07-17T01:43:10Z	2026-07-28T18:40:49Z	28.3	67
ur_6485e071344df8bc	多摩ニュータウン 豊ヶ丘（グリーンメゾン豊ヶ丘－６）　6-3-1号棟701号室	Tama City		UR Public Housing	2LDK	66㎡	66.0	82500円	82500	4800	165000	Anytime	多摩市豊ヶ丘2ほか	1980	87300	UR	7	京王相模原線「京王多摩センター」駅・小田急多摩線「小田急多摩センター」駅 徒歩16～32分 またはバス12分 徒歩2～14分, 多摩都市モノレール「多摩センター」駅 徒歩17～33分 またはバス12分 徒歩2～14分	https://www.ur-net.go.jp/chintai/kanto/tokyo/20_2710_room.html?JKSS=603010701	35.623928	139.434677	https://maps.google.com/?q=35.623928,139.434677	2026-07-28T09:36:52Z	2026-07-28T18:40:49Z	28.3	67
ur_e7ed2e7f5f624c08	百草　1-3-1号棟106号室	Tama City	Priority	UR Public Housing	3K	50㎡	50.0	62900円	62900	4750	125800	Anytime	多摩市和田1261、日野市百草999	1970	67650	UR	1	京王線「高幡不動」駅 徒歩19～32分 またはバス7～8分 徒歩1～8分, 京王線「聖蹟桜ヶ丘」駅バス14～15分 徒歩1～8分, 京王相模原線「京王多摩センター」駅バス9分 徒歩2～13分	https://www.ur-net.go.jp/chintai/kanto/tokyo/20_1870_room.html?JKSS=103010106	35.645988	139.415894	https://maps.google.com/?q=35.645988,139.415894	2026-07-28T03:37:03Z	2026-07-28T18:40:49Z	28.3	67
5e8fd13dca85ff97	落合 4-3-1-507	Tama City	Support / Subsidised	General Rental (Fixed Term)	3DK	51.38	51.38	55200	55200	3000	110400	Immediately Available	多摩市落合４－３－１	1975	58200	JKK	5		https://www.to-kousya.or.jp/chintai/reco/ochiai.html	35.61612178	139.4312559	https://maps.google.com/?q=35.61612178,139.4312559	2026-05-31T03:05:08Z	2026-07-18T22:28:16Z	28.3	67
8ae5cd47c7eae78b	落合 4-3-3-403	Tama City	Support / Subsidised	General Rental (Fixed Term)	3DK	51.38	51.38	56200	56200	3000	112400	Immediately Available	多摩市落合４－３－３	1975	59200	JKK	4		https://www.to-kousya.or.jp/chintai/reco/ochiai.html	35.61612178	139.4312559	https://maps.google.com/?q=35.61612178,139.4312559	2026-05-31T03:05:08Z	2026-07-18T22:28:16Z	28.3	67
272a46d14df061af	落合 4-3-3-507	Tama City	Support / Subsidised	General Rental (Fixed Term)	3DK	51.38	51.38	56200	56200	3000	112400	Immediately Available	多摩市落合４－３－３	1975	59200	JKK	5		https://www.to-kousya.or.jp/chintai/reco/ochiai.html	35.61612178	139.4312559	https://maps.google.com/?q=35.61612178,139.4312559	2026-05-31T03:05:08Z	2026-07-18T22:28:16Z	28.3	67
fdf05cae5d0a7024	落合 4-3-3-510	Tama City	Support / Subsidised	General Rental (Fixed Term)	3DK	51.38	51.38	56200	56200	3000	112400	Immediately Available	多摩市落合４－３－３	1975	59200	JKK	5		https://www.to-kousya.or.jp/chintai/reco/ochiai.html	35.61612178	139.4312559	https://maps.google.com/?q=35.61612178,139.4312559	2026-07-03T07:31:06Z	2026-07-18T22:28:16Z	28.3	67
65236df2d2cf1acc	落合 4-3-1-401	Tama City	General	General Rental (Fixed Term)	3DK	51.38	51.38	56200	56200	3000	112400	Immediately Available	多摩市落合４－３－１	1975	59200	JKK	4		https://www.to-kousya.or.jp/chintai/reco/ochiai.html	35.61612178	139.4312559	https://maps.google.com/?q=35.61612178,139.4312559	2026-07-10T09:45:17Z	2026-07-18T22:28:16Z	28.3	67
6d5bd851a8ec42de	落合 4-3-2-505	Tama City	Support / Subsidised	General Rental (Fixed Term)	3DK	52.59	52.59	55200	55200	3000	110400	Immediately Available	多摩市落合４－３－２	1975	58200	JKK	5		https://www.to-kousya.or.jp/chintai/reco/ochiai.html	35.61612178	139.4312559	https://maps.google.com/?q=35.61612178,139.4312559	2026-05-31T03:05:08Z	2026-07-18T22:28:16Z	28.3	67
54227004272b8947	落合 4-3-5-406	Tama City	Support / Subsidised	General Rental (Fixed Term)	3DK	52.59	52.59	55200	55200	3000	110400	Immediately Available	多摩市落合４－３－５	1975	58200	JKK	4		https://www.to-kousya.or.jp/chintai/reco/ochiai.html	35.61612178	139.4312559	https://maps.google.com/?q=35.61612178,139.4312559	2026-05-31T03:05:08Z	2026-07-18T22:28:16Z	28.3	67
a40089257eb4177b	落合 4-3-5-503	Tama City	Support / Subsidised	General Rental (Fixed Term)	3DK	52.59	52.59	56300	56300	3000	112600	Immediately Available	多摩市落合４－３－５	1975	59300	JKK	5		https://www.to-kousya.or.jp/chintai/reco/ochiai.html	35.61612178	139.4312559	https://maps.google.com/?q=35.61612178,139.4312559	2026-06-04T07:59:55Z	2026-07-18T22:28:16Z	28.3	67
ur_8752f0209e735471	百草　1-3-4号棟211号室	Tama City	Priority	UR Public Housing	3DK	55㎡	55.0	70500円	70500	4750	141000	Anytime	多摩市和田1261、日野市百草999	1970	75250	UR	2	京王線「高幡不動」駅 徒歩19～32分 またはバス7～8分 徒歩1～8分, 京王線「聖蹟桜ヶ丘」駅バス14～15分 徒歩1～8分, 京王相模原線「京王多摩センター」駅バス9分 徒歩2～13分	https://www.ur-net.go.jp/chintai/kanto/tokyo/20_1870_room.html?JKSS=103040211	35.645988	139.415894	https://maps.google.com/?q=35.645988,139.415894	2026-07-25T03:39:00Z	2026-07-28T18:40:49Z	28.3	67
ur_d5800551d6b06be2	多摩ニュータウン 豊ヶ丘（グリーンメゾン豊ヶ丘－６）　6-2-1号棟506号室	Tama City		UR Public Housing	3DK	59㎡	59.0	74300円	74300	4800	148600	Anytime	多摩市豊ヶ丘2ほか	1976	79100	UR	5	京王相模原線「京王多摩センター」駅・小田急多摩線「小田急多摩センター」駅 徒歩16～32分 またはバス12分 徒歩2～14分, 多摩都市モノレール「多摩センター」駅 徒歩17～33分 またはバス12分 徒歩2～14分	https://www.ur-net.go.jp/chintai/kanto/tokyo/20_2710_room.html?JKSS=602010506	35.623928	139.434677	https://maps.google.com/?q=35.623928,139.434677	2026-07-28T09:36:52Z	2026-07-28T18:40:49Z	28.3	67
ur_5cc858498913bf9d	多摩ニュータウン 貝取　5-2-3号棟106号室	Tama City		UR Public Housing	3DK	61㎡	61.0	71600円	71600	3900	143200	Anytime	多摩市貝取2ほか	1977	75500	UR	1	京王相模原線「京王多摩センター」駅・小田急多摩線「小田急多摩センター」駅 徒歩25～36分 またはバス12分 徒歩2～7分, 多摩都市モノレール「多摩センター」駅 徒歩27～38分 またはバス12分 徒歩2～7分	https://www.ur-net.go.jp/chintai/kanto/tokyo/20_2690_room.html?JKSS=502030106	35.620628	139.439987	https://maps.google.com/?q=35.620628,139.439987	2026-07-28T07:44:16Z	2026-07-28T18:40:49Z	28.3	67
ur_c2c9c0c3bfe05330	多摩ニュータウン メゾン聖ヶ丘－１　2号棟206号室	Tama City		UR Public Housing	3DK	61㎡	61.0	92100円	92100	3400	184200	Anytime	多摩市聖ケ丘1-13	1987	95500	UR	2	京王相模原線「京王永山」駅・小田急多摩線「小田急永山」駅 徒歩18～19分 またはバス4分 徒歩2～3分, 京王線「聖蹟桜ヶ丘」駅 徒歩26～29分	https://www.ur-net.go.jp/chintai/kanto/tokyo/20_4070_room.html?JKSS=000020206	35.638088	139.455887	https://maps.google.com/?q=35.638088,139.455887	2026-07-17T01:43:10Z	2026-07-28T18:40:49Z	28.3	67
ur_54c7ba2b72f18383	多摩ニュータウン エステート愛宕　1号棟103号室	Tama City		UR Public Housing	3LDK	76㎡	76.0	117300円	117300	7000	234600	Anytime	多摩市愛宕4-35-1	1994	124300	UR	1	京王相模原線｢京王多摩センター｣駅 徒歩10分, 小田急多摩線｢小田急多摩センター｣駅 徒歩10分, 多摩都市モノレール｢多摩センター｣駅 徒歩10分	https://www.ur-net.go.jp/chintai/kanto/tokyo/20_5090_room.html?JKSS=000010103	35.630131	139.42868	https://maps.google.com/?q=35.630131,139.42868	2026-07-16T05:36:53Z	2026-07-28T18:40:49Z	28.3	67
ur_b80d33ba2f67af0f	多摩ニュータウン エステート愛宕　1号棟501号室	Tama City		UR Public Housing	3LDK	76㎡	76.0	122200円	122200	7000	244400	Anytime	多摩市愛宕4-35-1	1994	129200	UR	5	京王相模原線｢京王多摩センター｣駅 徒歩10分, 小田急多摩線｢小田急多摩センター｣駅 徒歩10分, 多摩都市モノレール｢多摩センター｣駅 徒歩10分	https://www.ur-net.go.jp/chintai/kanto/tokyo/20_5090_room.html?JKSS=000010501	35.630131	139.42868	https://maps.google.com/?q=35.630131,139.42868	2026-07-25T09:36:49Z	2026-07-28T18:40:49Z	28.3	67
ur_475cfc7f91bc0028	萩山　8号棟313号室	Kodaira City		UR Public Housing	2DK	45㎡	45.0	78100円	78100	3300	156200	Anytime	小平市小川東町4-3、東村山市萩山町2-2	1973	81400	UR	3	西武多摩湖線「萩山」駅 徒歩1～4分, 西武新宿線「小平」駅 徒歩15～18分, 西武多摩湖線「八坂」駅 徒歩12～16分	https://www.ur-net.go.jp/chintai/kanto/tokyo/20_2420_room.html?JKSS=000080313	35.740276	139.474945	https://maps.google.com/?q=35.740276,139.474945	2026-07-28T07:44:16Z	2026-07-28T18:40:49Z	26.2	66
ur_b12d82aa3a59acdb	グリーンタウン小金井　3号棟409号室	Koganei City		UR Public Housing	2DK	51㎡	51.0	138700円	138700	6400	277400	Anytime	小金井市緑町4-12-16ほか	2000	145100	UR	4	JR中央線「武蔵小金井」駅 徒歩16～19分 またはバス5分 徒歩5～7分, 西武新宿線「花小金井」駅バス8分 徒歩9～11分, JR中央線「東小金井」駅 徒歩18～20分 またはバス10分 徒歩1～3分	https://www.ur-net.go.jp/chintai/kanto/tokyo/20_6270_room.html?JKSS=000030409	35.707607	139.513901	https://maps.google.com/?q=35.707607,139.513901	2026-07-24T01:45:54Z	2026-07-28T18:40:49Z	22.7	53
ur_6a3bd33ddb88a975	車返　2-3号棟201号室	Fuchu City		UR Public Housing	3DK	54㎡	54.0	112800円	112800	3600	225600	From 2026-07-30	府中市白糸台5-25-1、府中市押立町1-24-1	1979	116400	UR	2	京王線「武蔵野台」駅 徒歩5～8分, 西武多摩川線「白糸台」駅 徒歩12～16分, 京王線「多磨霊園」駅 徒歩16～20分	https://www.ur-net.go.jp/chintai/kanto/tokyo/20_2700_room.html?JKSS=002030201	35.661526	139.511505	https://maps.google.com/?q=35.661526,139.511505	2026-07-25T01:45:57Z	2026-07-28T18:40:49Z	25.3	70
ur_4e7ef5349cb369e8	多摩平の森　3-3号棟803号室	Hino City		UR Public Housing	1LDK	52㎡	52.0	140900円	140900	4000	281800	Anytime	日野市多摩平4-6ほか	2008	144900	UR	8	JR中央線「豊田」駅 徒歩7～15分, JR中央線「日野」駅 徒歩24～33分, 京王線「南平」駅 徒歩25～32分	https://www.ur-net.go.jp/chintai/kanto/tokyo/20_6510_room.html?JKSS=003030803	35.66589	139.380844	https://maps.google.com/?q=35.66589,139.380844	2026-07-18T05:38:57Z	2026-07-28T18:40:49Z	32.7	72
2991b034abec3285	平山 19-1950	Hino City	General	General Rental (Fixed Term)	2K	32.85	32.85	36100	36100	1400	72200	Immediately Available	日野市東平山１－７－１２	1965	37500	JKK	5		https://www.to-kousya.or.jp/chintai/reco/hirayama.html	35.64954656	139.3774428	https://maps.google.com/?q=35.64954656,139.3774428	2026-07-15T06:10:14Z	2026-07-18T22:28:16Z	32.7	72
ur_3f11da7dab741329	多摩平の森　2-8号棟1003号室	Hino City		UR Public Housing	2DK	45㎡	45.0	103600円	103600	4000	207200	Anytime	日野市多摩平4-6ほか	2005	107600	UR	10	JR中央線「豊田」駅 徒歩7～15分, JR中央線「日野」駅 徒歩24～33分, 京王線「南平」駅 徒歩25～32分	https://www.ur-net.go.jp/chintai/kanto/tokyo/20_6510_room.html?JKSS=002081003	35.66589	139.380844	https://maps.google.com/?q=35.66589,139.380844	2026-07-27T09:37:52Z	2026-07-28T18:40:49Z	32.7	72
ur_bfc3ae2e56dd0b0b	シティハイツ日野旭が丘　3号棟514号室	Hino City		UR Public Housing	2DK	51㎡	51.0	93900円	93900	2700	187800	Anytime	日野市旭が丘4-7-5	1990	96600	UR	5	JR中央線「豊田」駅 徒歩20～24分 またはバス7分 徒歩1～6分, 京王線「長沼」駅 徒歩26～28分, JR八高線「北八王子」駅 徒歩23～25分	https://www.ur-net.go.jp/chintai/kanto/tokyo/20_4360_room.html?JKSS=000030514	35.6562	139.364822	https://maps.google.com/?q=35.6562,139.364822	2026-07-11T09:37:20Z	2026-07-28T18:40:49Z	32.7	72
ur_37843f678fb8760c	多摩平の森　2-6号棟305号室	Hino City		UR Public Housing	2LDK	60㎡	60.0	130600円	130600	4000	261200	Anytime	日野市多摩平4-6ほか	2005	134600	UR	3	JR中央線「豊田」駅 徒歩7～15分, JR中央線「日野」駅 徒歩24～33分, 京王線「南平」駅 徒歩25～32分	https://www.ur-net.go.jp/chintai/kanto/tokyo/20_6510_room.html?JKSS=002060305	35.66589	139.380844	https://maps.google.com/?q=35.66589,139.380844	2026-07-27T09:37:52Z	2026-07-28T18:40:49Z	32.7	72
ur_bfa0d77b6d10be65	シティハイツ日野旭が丘　3号棟207号室	Hino City		UR Public Housing	2LDK	76㎡	76.0	107800円	107800	2700	215600	Anytime	日野市旭が丘4-7-5	1990	110500	UR	2	JR中央線「豊田」駅 徒歩20～24分 またはバス7分 徒歩1～6分, 京王線「長沼」駅 徒歩26～28分, JR八高線「北八王子」駅 徒歩23～25分	https://www.ur-net.go.jp/chintai/kanto/tokyo/20_4360_room.html?JKSS=000030207	35.6562	139.364822	https://maps.google.com/?q=35.6562,139.364822	2026-07-17T01:35:08Z	2026-07-28T18:40:49Z	32.7	72
ur_d53097c4c731d0d5	シティハイツ日野旭が丘　1号棟506号室	Hino City		UR Public Housing	2LDK	80㎡	80.0	118100円	118100	2700	236200	Anytime	日野市旭が丘4-7-5	1989	120800	UR	5	JR中央線「豊田」駅 徒歩20～24分 またはバス7分 徒歩1～6分, 京王線「長沼」駅 徒歩26～28分, JR八高線「北八王子」駅 徒歩23～25分	https://www.ur-net.go.jp/chintai/kanto/tokyo/20_4360_room.html?JKSS=000010506	35.6562	139.364822	https://maps.google.com/?q=35.6562,139.364822	2026-07-24T01:38:18Z	2026-07-28T18:40:49Z	32.7	72
ur_bf61948a81f3e0a6	高幡台　61号棟401号室	Hino City		UR Public Housing	3DK	54㎡	54.0	66100円	66100	4300	132200	Anytime	日野市程久保650	1971	70400	UR	4	京王線「高幡不動」駅 徒歩17～25分 またはバス4分 徒歩2～10分, 多摩都市モノレール「程久保」駅 徒歩9～14分, 多摩都市モノレール「多摩動物公園」駅 徒歩12～23分	https://www.ur-net.go.jp/chintai/kanto/tokyo/20_1970_room.html?JKSS=000610401	35.650715	139.410919	https://maps.google.com/?q=35.650715,139.410919	2026-07-08T01:35:16Z	2026-07-28T18:40:49Z	32.7	72
ur_06430d35c58714e2	高幡台　33号棟403号室	Hino City		UR Public Housing	3DK	54㎡	54.0	66100円	66100	4300	132200	Anytime	日野市程久保650	1971	70400	UR	4	京王線「高幡不動」駅 徒歩17～25分 またはバス4分 徒歩2～10分, 多摩都市モノレール「程久保」駅 徒歩9～14分, 多摩都市モノレール「多摩動物公園」駅 徒歩12～23分	https://www.ur-net.go.jp/chintai/kanto/tokyo/20_1970_room.html?JKSS=000330403	35.650715	139.410919	https://maps.google.com/?q=35.650715,139.410919	2026-07-17T01:35:08Z	2026-07-28T18:40:49Z	32.7	72
ur_b12f02474dc97b68	高幡台　33号棟304号室	Hino City		UR Public Housing	3DK	54㎡	54.0	70600円	70600	4300	141200	Anytime	日野市程久保650	1971	74900	UR	3	京王線「高幡不動」駅 徒歩17～25分 またはバス4分 徒歩2～10分, 多摩都市モノレール「程久保」駅 徒歩9～14分, 多摩都市モノレール「多摩動物公園」駅 徒歩12～23分	https://www.ur-net.go.jp/chintai/kanto/tokyo/20_1970_room.html?JKSS=000330304	35.650715	139.410919	https://maps.google.com/?q=35.650715,139.410919	2026-07-24T01:38:18Z	2026-07-28T18:40:49Z	32.7	72
1ec068ca25121b41	昭島田中町 22-502	Akishima City	Support / Subsidised	General Rental	2DK	48.32	48.32	48900	48900	2400	97800	Immediately Available	昭島市田中町３－５－２２	1979	51300	JKK	5		https://www.to-kousya.or.jp/chintai/reco/akishimatanakacho.html	35.70066929	139.3516303	https://maps.google.com/?q=35.70066929,139.3516303	2026-07-17T07:03:36Z	2026-07-18T22:28:16Z	36.7	76
70fc29fa3c43a06b	昭島田中町 4-402	Akishima City	Support / Subsidised	General Rental	3DK	58.28	58.28	54000	54000	2400	108000	Immediately Available	昭島市田中町３－５－４	1979	56400	JKK	4		https://www.to-kousya.or.jp/chintai/reco/akishimatanakacho.html	35.70066929	139.3516303	https://maps.google.com/?q=35.70066929,139.3516303	2026-07-08T07:18:32Z	2026-07-18T22:28:16Z	36.7	76
ur_20bd59cd7508b0d8	昭島つつじが丘ハイツ　8号棟206号室	Akishima City		UR Public Housing	3DK	59㎡	59.0	90100円	90100	5700	180200	Anytime	昭島市つつじが丘3-4ほか	1981	95800	UR	2	JR青梅線「昭島」駅 徒歩9～11分, JR青梅線「中神」駅 徒歩13～15分, 西武拝島線「西武立川」駅 徒歩25～28分	https://www.ur-net.go.jp/chintai/kanto/tokyo/20_3380_room.html?JKSS=000080206	35.711933	139.367676	https://maps.google.com/?q=35.711933,139.367676	2026-07-26T01:38:02Z	2026-07-28T18:40:49Z	36.7	76
ur_844e0e12b108870e	プロムナード荻窪　5号棟101号室	Suginami Ward		UR Public Housing	2LDK	91㎡	91.0	282700円	282700	10500	565400	Anytime	杉並区桃井3-7	2006	293200	UR	1	JR中央線「荻窪」駅バス11分 徒歩1～2分, JR中央線「西荻窪」駅 徒歩14～18分	https://www.ur-net.go.jp/chintai/kanto/tokyo/20_6870_room.html?JKSS=000050101	35.712715	139.606125	https://maps.google.com/?q=35.712715,139.606125	2026-07-27T05:44:50Z	2026-07-28T18:40:49Z	11.6	28
ur_6d23cdb902be50f7	グリーンヒルズ東久留米　4号棟104号室	Higashikurume City		UR Public Housing	1DK	44㎡	44.0	97200円	97200	6100	194400	Anytime	東久留米市上の原1-3ほか	2006	103300	UR	1	西武池袋線「東久留米」駅 徒歩17～24分 またはバス5分 徒歩1～5分, JR武蔵野線「新座」駅バス20分 徒歩1～5分, 西武池袋線「清瀬」駅 徒歩31～34分	https://www.ur-net.go.jp/chintai/kanto/tokyo/20_6880_room.html?JKSS=000040104	35.76965	139.541824	https://maps.google.com/?q=35.76965,139.541824	2026-07-20T05:41:27Z	2026-07-28T18:40:49Z	23.6	47
ur_9b08bbd3e997d2d6	グリーンヒルズ東久留米　2号棟313号室	Higashikurume City		UR Public Housing	1LDK	50㎡	50.0	107000円	107000	6100	214000	Anytime	東久留米市上の原1-3ほか	2006	113100	UR	3	西武池袋線「東久留米」駅 徒歩17～24分 またはバス5分 徒歩1～5分, JR武蔵野線「新座」駅バス20分 徒歩1～5分, 西武池袋線「清瀬」駅 徒歩31～34分	https://www.ur-net.go.jp/chintai/kanto/tokyo/20_6880_room.html?JKSS=000020313	35.76965	139.541824	https://maps.google.com/?q=35.76965,139.541824	2026-07-17T01:35:08Z	2026-07-28T18:40:49Z	23.6	47
ur_20f2202361dce41f	グリーンヒルズ東久留米　9号棟506号室	Higashikurume City		UR Public Housing	1LDK	50㎡	50.0	108900円	108900	6100	217800	Anytime	東久留米市上の原1-3ほか	2011	115000	UR	5	西武池袋線「東久留米」駅 徒歩17～24分 またはバス5分 徒歩1～5分, JR武蔵野線「新座」駅バス20分 徒歩1～5分, 西武池袋線「清瀬」駅 徒歩31～34分	https://www.ur-net.go.jp/chintai/kanto/tokyo/20_6880_room.html?JKSS=000090506	35.76965	139.541824	https://maps.google.com/?q=35.76965,139.541824	2026-07-25T05:38:23Z	2026-07-28T18:40:49Z	23.6	47
ur_01c106b5383ca885	グリーンヒルズ東久留米　6号棟807号室	Higashikurume City		UR Public Housing	2DK	50㎡	50.0	108500円	108500	6100	217000	Anytime	東久留米市上の原1-3ほか	2008	114600	UR	8	西武池袋線「東久留米」駅 徒歩17～24分 またはバス5分 徒歩1～5分, JR武蔵野線「新座」駅バス20分 徒歩1～5分, 西武池袋線「清瀬」駅 徒歩31～34分	https://www.ur-net.go.jp/chintai/kanto/tokyo/20_6880_room.html?JKSS=000060807	35.76965	139.541824	https://maps.google.com/?q=35.76965,139.541824	2026-07-08T01:35:16Z	2026-07-28T18:40:49Z	23.6	47
ur_a24e086c7b39f7c5	グリーンヒルズ東久留米　3号棟505号室	Higashikurume City		UR Public Housing	2DK	55㎡	55.0	118200円	118200	6100	236400	Anytime	東久留米市上の原1-3ほか	2006	124300	UR	5	西武池袋線「東久留米」駅 徒歩17～24分 またはバス5分 徒歩1～5分, JR武蔵野線「新座」駅バス20分 徒歩1～5分, 西武池袋線「清瀬」駅 徒歩31～34分	https://www.ur-net.go.jp/chintai/kanto/tokyo/20_6880_room.html?JKSS=000030505	35.76965	139.541824	https://maps.google.com/?q=35.76965,139.541824	2026-07-07T01:37:35Z	2026-07-28T18:40:49Z	23.6	47
f51cf82e2bd92fc2	久留米西 24-506	Higashikurume City	General	General Rental (Fixed Term)	3K	39.9	39.9	39100	39100	2000	78200	Immediately Available	東久留米市下里４－１－２４	1971	41100	JKK	5		https://www.to-kousya.or.jp/chintai/reco/kurumenishi.html	35.75267125	139.4973137	https://maps.google.com/?q=35.75267125,139.4973137	2026-07-17T07:35:58Z	2026-07-18T22:28:16Z	23.6	47
ur_967a641c975f1d52	滝山　1-21号棟508号室	Higashikurume City		UR Public Housing	3DK	61㎡	61.0	89600円	89600	2900	179200	Anytime	東久留米市滝山6-1	1969	92500	UR	5	西武新宿線「花小金井」駅バス8分　徒歩2～6分, 西武池袋線「東久留米」駅バス12分　徒歩2～6分, 西武新宿線「小平」駅徒歩29～34分	https://www.ur-net.go.jp/chintai/kanto/tokyo/20_1730_room.html?JKSS=000121508	35.746067	139.504303	https://maps.google.com/?q=35.746067,139.504303	2026-06-26T07:38:59Z	2026-07-28T18:40:49Z	23.6	47
7f058a0b63dd8982	久留米西 35-303	Higashikurume City	General	General Rental (Fixed Term)	2DK+S	51.74	51.74	47700	47700	2000	95400	Immediately Available	東久留米市下里４－１－３５	1971	49700	JKK	3		https://www.to-kousya.or.jp/chintai/reco/kurumenishi.html	35.75267125	139.4973137	https://maps.google.com/?q=35.75267125,139.4973137	2026-07-15T07:31:30Z	2026-07-18T22:28:16Z	23.6	47
448085af035acc5f	コーシャハイム玉川上水 1-903	Higashiyamato City	子育・ 高齢	General Rental	3DK	60.38	60.38	82400	82400	3400	164800	Immediately Available	東大和市桜が丘３－４４－３２－１	1987	85800	JKK	9		https://www.to-kousya.or.jp/chintai/reco/kh_tamagawajousui.html	35.73295218	139.4183198	https://maps.google.com/?q=35.73295218,139.4183198	2026-07-14T08:02:40Z	2026-07-18T22:28:16Z	30.8	75
ur_fef8dd0ad9985df7	富士見台　6号棟403号室	Higashimurayama City		UR Public Housing	3LDK	68㎡	68.0	89400円	89400	1800	178800	Anytime	東村山市富士見町1-2-54ほか	1986	91200	UR	4	西武多摩湖線「八坂」駅 徒歩13～16分, 西武拝島線「小川」駅 徒歩15～19分, 西武新宿線「久米川」駅バス5分 徒歩1～3分	https://www.ur-net.go.jp/chintai/kanto/tokyo/20_3850_room.html?JKSS=000060403	35.744614	139.456924	https://maps.google.com/?q=35.744614,139.456924	2026-07-19T09:37:20Z	2026-07-28T18:40:49Z	27.2	60
ur_6976e7bb259b5ff6	グリーンタウン美住一番街　18号棟503号室	Higashimurayama City		UR Public Housing	3LDK	69㎡	69.0	125500円	125500	4250	251000	Anytime	東村山市美住町1-4-1	1999	129750	UR	5	西武新宿線「久米川」駅 徒歩12～16分, 西武多摩湖線「八坂」駅 徒歩9～14分, 西武新宿線「東村山」駅 徒歩19～25分	https://www.ur-net.go.jp/chintai/kanto/tokyo/20_5050_room.html?JKSS=000180503	35.750938	139.461349	https://maps.google.com/?q=35.750938,139.461349	2026-07-24T01:45:54Z	2026-07-28T18:40:49Z	27.2	60
ur_0dd133c9cb862ba0	富士見台　3号棟503号室	Higashimurayama City		UR Public Housing	3LDK	94㎡	94.0	115500円	115500	1800	231000	Anytime	東村山市富士見町1-2-54ほか	1985	117300	UR	5	西武多摩湖線「八坂」駅 徒歩13～16分, 西武拝島線「小川」駅 徒歩15～19分, 西武新宿線「久米川」駅バス5分 徒歩1～3分	https://www.ur-net.go.jp/chintai/kanto/tokyo/20_3850_room.html?JKSS=000030503	35.744614	139.456924	https://maps.google.com/?q=35.744614,139.456924	2026-07-26T03:37:54Z	2026-07-28T18:40:49Z	27.2	60
ur_1ea4f0151962a6f5	南台第二　10号棟503号室	Higashimurayama City		UR Public Housing	4LDK	88㎡	88.0	131900円	131900	4300	263800	Anytime	東村山市富士見町1-14	1989	136200	UR	5	西武多摩湖線｢八坂｣駅 徒歩13分, 西武拝島線ほか｢小川｣駅 徒歩17分, 西武新宿線｢久米川｣駅バス7分 徒歩2分	https://www.ur-net.go.jp/chintai/kanto/tokyo/20_4270_room.html?JKSS=000100503	35.744106	139.456726	https://maps.google.com/?q=35.744106,139.456726	2026-07-17T01:43:10Z	2026-07-28T18:40:49Z	27.2	60
ur_d02f9618421da0be	エステート大南公園　5号棟203号室	Musashimurayama City		UR Public Housing	3LDK	74㎡	74.0	102300円	102300	2300	204600	Anytime	武蔵村山市大南4-21-1ほか	1988	104600	UR	2	西武拝島線「玉川上水」駅 徒歩13～15分, 多摩都市モノレール「桜街道」駅 徒歩13～14分, 西武拝島線「武蔵砂川」駅 徒歩26～27分	https://www.ur-net.go.jp/chintai/kanto/tokyo/20_4130_room.html?JKSS=000050203	35.73457	139.409073	https://maps.google.com/?q=35.73457,139.409073	2026-07-24T03:44:18Z	2026-07-28T18:40:49Z	35.0	81
ur_bc0b1f569317eb2b	サンヴァリエ桜堤　7号棟303号室	Musashino City		UR Public Housing	2DK	52㎡	52.0	149200円	149200	7000	298400	Anytime	武蔵野市桜堤1-1ほか	2004	156200	UR	3	JR中央線「武蔵境」駅 徒歩13～23分 またはバス4～6分 徒歩1～5分, 西武新宿線「田無」駅バス12分 徒歩5～11分, JR中央線「東小金井」駅 徒歩18～25分	https://www.ur-net.go.jp/chintai/kanto/tokyo/20_5970_room.html?JKSS=000070303	35.709045	139.536545	https://maps.google.com/?q=35.709045,139.536545	2026-07-24T01:45:54Z	2026-07-28T18:40:49Z	18.2	50
ur_ed21ab743f81a2ae	清瀬旭が丘　2-4-4号棟408号室	Kiyose City		UR Public Housing	2LDK	50㎡	50.0	60600円	60600	3000	121200	Anytime	清瀬市旭が丘2ほか	1968	63600	UR	4	西武池袋線「清瀬」駅バス9～15分 徒歩1～4分, 東武東上線「志木」駅バス20～22分 徒歩1～4分, JR武蔵野線「新座」駅バス10～12分 徒歩1～4分	https://www.ur-net.go.jp/chintai/kanto/tokyo/20_1580_room.html?JKSS=000244408	35.79491	139.539627	https://maps.google.com/?q=35.79491,139.539627	2026-07-26T11:43:00Z	2026-07-28T18:40:49Z	24.4	56
ur_3ef1e8de716a6b23	藤の台　1-37号棟302号室	Machida City	Priority	UR Public Housing	2DK	43㎡	43.0	55000円	55000	3000	110000	Anytime	町田市藤の台1-1ほか	1971	58000	UR	3	JR横浜線「町田」駅バス18分 徒歩2～9分, JR横浜線「古淵」駅バス16分 徒歩2～9分, 小田急小田原線「鶴川」駅バス18分 徒歩2～9分	https://www.ur-net.go.jp/chintai/kanto/tokyo/20_1930_room.html?JKSS=001037302	35.569939	139.447952	https://maps.google.com/?q=35.569939,139.447952	2026-07-27T01:39:16Z	2026-07-28T18:40:49Z	31.7	68
ur_1cfdb08ca79aaea1	町田山崎　2-4号棟403号室	Machida City		UR Public Housing	2DK	45㎡	45.0	55300円	55300	4000	110600	Anytime	町田市山崎町2130ほか	1969	59300	UR	4	JR横浜線・小田急小田原線「町田」駅バス16～24分 徒歩1～8分, JR横浜線「古淵」駅バス11～17分 徒歩1～8分	https://www.ur-net.go.jp/chintai/kanto/tokyo/20_1670_room.html?JKSS=000204403	35.572918	139.43161	https://maps.google.com/?q=35.572918,139.43161	2026-07-27T09:37:52Z	2026-07-28T18:40:49Z	31.7	68
ur_ee4c6f20f270b600	藤の台　1-20号棟208号室	Machida City	Priority	UR Public Housing	2DK	56㎡	56.0	74600円	74600	3000	149200	Anytime	町田市藤の台1-1ほか	1971	77600	UR	2	JR横浜線「町田」駅バス18分 徒歩2～9分, JR横浜線「古淵」駅バス16分 徒歩2～9分, 小田急小田原線「鶴川」駅バス18分 徒歩2～9分	https://www.ur-net.go.jp/chintai/kanto/tokyo/20_1930_room.html?JKSS=001020208	35.569939	139.447952	https://maps.google.com/?q=35.569939,139.447952	2026-07-17T01:43:10Z	2026-07-28T18:40:49Z	31.7	68
ur_036fb5d181fe3d3a	町田山崎　3-5号棟204号室	Machida City		UR Public Housing	2LDK	56㎡	56.0	69600円	69600	4000	139200	Anytime	町田市山崎町2130ほか	1969	73600	UR	2	JR横浜線・小田急小田原線「町田」駅バス16～24分 徒歩1～8分, JR横浜線「古淵」駅バス11～17分 徒歩1～8分	https://www.ur-net.go.jp/chintai/kanto/tokyo/20_1670_room.html?JKSS=000305204	35.572918	139.43161	https://maps.google.com/?q=35.572918,139.43161	2026-07-28T09:43:17Z	2026-07-28T18:40:49Z	31.7	68
ur_8680474f64580196	鶴川　2-3号棟402号室	Machida City		UR Public Housing	3K	45㎡	45.0	60600円	60600	3700	121200	Anytime	町田市鶴川5ほか	1968	64300	UR	4	小田急小田原線「鶴川」駅バス5分 徒歩1～11分, 小田急多摩線「黒川」駅バス13分 徒歩1～11分, 京王相模原線「京王多摩センター」駅バス24分 徒歩7～14分	https://www.ur-net.go.jp/chintai/kanto/tokyo/20_1630_room.html?JKSS=000203402	35.592873	139.468033	https://maps.google.com/?q=35.592873,139.468033	2026-07-15T01:36:45Z	2026-07-28T18:40:49Z	31.7	68
ur_017ca2dee6a5462c	鶴川　1-1号棟507号室	Machida City		UR Public Housing	3DK	50㎡	50.0	63900円	63900	3700	127800	Anytime	町田市鶴川5ほか	1968	67600	UR	5	小田急小田原線「鶴川」駅バス5分 徒歩1～11分, 小田急多摩線「黒川」駅バス13分 徒歩1～11分, 京王相模原線「京王多摩センター」駅バス24分 徒歩7～14分	https://www.ur-net.go.jp/chintai/kanto/tokyo/20_1630_room.html?JKSS=000101507	35.592873	139.468033	https://maps.google.com/?q=35.592873,139.468033	2026-07-23T09:38:16Z	2026-07-28T18:40:49Z	31.7	68
ur_de83c2e2ff244742	藤の台　1-23号棟404号室	Machida City	Priority	UR Public Housing	3DK	51㎡	51.0	56600円	56600	3000	113200	Anytime	町田市藤の台1-1ほか	1971	59600	UR	4	JR横浜線「町田」駅バス18分 徒歩2～9分, JR横浜線「古淵」駅バス16分 徒歩2～9分, 小田急小田原線「鶴川」駅バス18分 徒歩2～9分	https://www.ur-net.go.jp/chintai/kanto/tokyo/20_1930_room.html?JKSS=001023404	35.569939	139.447952	https://maps.google.com/?q=35.569939,139.447952	2026-07-27T01:39:16Z	2026-07-28T18:40:49Z	31.7	68
ur_6009699d4caeb913	町田山崎　5-7号棟402号室	Machida City		UR Public Housing	3DK	56㎡	56.0			4000		Anytime	町田市山崎町2130ほか	1970		UR	4	JR横浜線・小田急小田原線「町田」駅バス16～24分 徒歩1～8分, JR横浜線「古淵」駅バス11～17分 徒歩1～8分	https://www.ur-net.go.jp/chintai/kanto/tokyo/20_1670_room.html?JKSS=000507402	35.572918	139.43161	https://maps.google.com/?q=35.572918,139.43161	2026-07-27T01:39:16Z	2026-07-28T18:40:49Z	31.7	68
ur_01909f85aaa9c952	町田山崎　3-4号棟501号室	Machida City		UR Public Housing	3DK	56㎡	56.0	59600円	59600	4000	119200	Anytime	町田市山崎町2130ほか	1969	63600	UR	5	JR横浜線・小田急小田原線「町田」駅バス16～24分 徒歩1～8分, JR横浜線「古淵」駅バス11～17分 徒歩1～8分	https://www.ur-net.go.jp/chintai/kanto/tokyo/20_1670_room.html?JKSS=000304501	35.572918	139.43161	https://maps.google.com/?q=35.572918,139.43161	2026-07-27T09:37:52Z	2026-07-28T18:40:49Z	31.7	68
ur_9095477b4fcfcf48	藤の台　3-14号棟502号室	Machida City	Priority	UR Public Housing	3DK	56㎡	56.0	59600円	59600	3000	119200	Anytime	町田市藤の台1-1ほか	1971	62600	UR	5	JR横浜線「町田」駅バス18分 徒歩2～9分, JR横浜線「古淵」駅バス16分 徒歩2～9分, 小田急小田原線「鶴川」駅バス18分 徒歩2～9分	https://www.ur-net.go.jp/chintai/kanto/tokyo/20_1930_room.html?JKSS=003014502	35.569939	139.447952	https://maps.google.com/?q=35.569939,139.447952	2026-07-28T05:38:11Z	2026-07-28T18:40:49Z	31.7	68
ur_4195d1b94d77a3c3	藤の台　3-13号棟305号室	Machida City	Priority	UR Public Housing	3DK	56㎡	56.0	66100円	66100	3000	132200	Anytime	町田市藤の台1-1ほか	1971	69100	UR	3	JR横浜線「町田」駅バス18分 徒歩2～9分, JR横浜線「古淵」駅バス16分 徒歩2～9分, 小田急小田原線「鶴川」駅バス18分 徒歩2～9分	https://www.ur-net.go.jp/chintai/kanto/tokyo/20_1930_room.html?JKSS=003013305	35.569939	139.447952	https://maps.google.com/?q=35.569939,139.447952	2026-07-24T05:38:22Z	2026-07-28T18:40:49Z	31.7	68
ur_1a6287f3c0c004d3	町田山崎　4-6号棟307号室	Machida City		UR Public Housing	3DK	56㎡	56.0	70500円	70500	4000	141000	Anytime	町田市山崎町2130ほか	1969	74500	UR	3	JR横浜線・小田急小田原線「町田」駅バス16～24分 徒歩1～8分, JR横浜線「古淵」駅バス11～17分 徒歩1～8分	https://www.ur-net.go.jp/chintai/kanto/tokyo/20_1670_room.html?JKSS=000406307	35.572918	139.43161	https://maps.google.com/?q=35.572918,139.43161	2026-07-26T03:37:54Z	2026-07-28T18:40:49Z	31.7	68
ur_547f9dc9a53c7c5b	ニュータウン小山田桜台　21号棟202号室	Machida City		UR Public Housing	3LDK	70㎡	70.0	80900円	80900	4800	161800	Anytime	町田市小山田桜台2-4ほか	1986	85700	UR	2	JR横浜線・小田急小田原線「町田」駅バス29～32分 徒歩1～3分, JR横浜線「淵野辺」駅バス10～13分 徒歩1～3分	https://www.ur-net.go.jp/chintai/kanto/tokyo/20_3600_room.html?JKSS=000210202				2026-07-23T03:37:06Z	2026-07-28T18:40:49Z	31.7	68
ur_a37dbe9b2495950b	ニュータウン小山田桜台　13号棟302号室	Machida City		UR Public Housing	3LDK	72㎡	72.0	79500円	79500	4800	159000	Anytime	町田市小山田桜台2-4ほか	1985	84300	UR	3	JR横浜線・小田急小田原線「町田」駅バス29～32分 徒歩1～3分, JR横浜線「淵野辺」駅バス10～13分 徒歩1～3分	https://www.ur-net.go.jp/chintai/kanto/tokyo/20_3600_room.html?JKSS=000130302				2026-07-25T05:38:23Z	2026-07-28T18:40:49Z	31.7	68
ur_b87c47bf2bd270dc	恵比寿ビュータワー　1510号室	Meguro Ward		UR Public Housing	1LDK	58㎡	58.0	325100円	325100	4500	650200	Anytime	目黒区三田1-4-4	1995	329600	UR	15	JR山手線ほか｢恵比寿｣駅 徒歩9分	https://www.ur-net.go.jp/chintai/kanto/tokyo/20_5180_room.html?JKSS=000001510	35.642166	139.716095	https://maps.google.com/?q=35.642166,139.716095	2026-07-28T07:44:16Z	2026-07-28T18:40:49Z	6.0	19
ur_2f63b89ee87b9dfb	福生　11号棟502号室	Fussa City		UR Public Housing	2DK	41㎡	41.0	57600円	57600	3000	115200	Anytime	福生市南田園2-7ほか	1974	60600	UR	5	JR五日市線「熊川」駅 徒歩10～17分, JR青梅線「拝島」駅バス15分 徒歩2～6分, JR青梅線「福生」駅 徒歩24～30分	https://www.ur-net.go.jp/chintai/kanto/tokyo/20_2520_room.html?JKSS=000110502	35.72596	139.330063	https://maps.google.com/?q=35.72596,139.330063	2026-07-24T01:38:18Z	2026-07-28T18:40:49Z	39.7	84
ur_6ef2fe2055d4c808	福生　12号棟503号室	Fussa City		UR Public Housing	2DK	45㎡	45.0	59700円	59700	3000	119400	Anytime	福生市南田園2-7ほか	1974	62700	UR	5	JR五日市線「熊川」駅 徒歩10～17分, JR青梅線「拝島」駅バス15分 徒歩2～6分, JR青梅線「福生」駅 徒歩24～30分	https://www.ur-net.go.jp/chintai/kanto/tokyo/20_2520_room.html?JKSS=000120503	35.72596	139.330063	https://maps.google.com/?q=35.72596,139.330063	2026-07-27T07:38:08Z	2026-07-28T18:40:49Z	39.7	84
ur_196e3baa63359237	福生　12号棟709号室	Fussa City		UR Public Housing	2DK	46㎡	46.0	60000円	60000	3000	120000	Anytime	福生市南田園2-7ほか	1974	63000	UR	7	JR五日市線「熊川」駅 徒歩10～17分, JR青梅線「拝島」駅バス15分 徒歩2～6分, JR青梅線「福生」駅 徒歩24～30分	https://www.ur-net.go.jp/chintai/kanto/tokyo/20_2520_room.html?JKSS=000120709	35.72596	139.330063	https://maps.google.com/?q=35.72596,139.330063	2026-07-26T07:40:05Z	2026-07-28T18:40:49Z	39.7	84
ur_e653c890c8e34f5b	福生　3号棟305号室	Fussa City		UR Public Housing	3DK	52㎡	52.0	64500円	64500	3000	129000	Anytime	福生市南田園2-7ほか	1974	67500	UR	3	JR五日市線「熊川」駅 徒歩10～17分, JR青梅線「拝島」駅バス15分 徒歩2～6分, JR青梅線「福生」駅 徒歩24～30分	https://www.ur-net.go.jp/chintai/kanto/tokyo/20_2520_room.html?JKSS=000030305	35.72596	139.330063	https://maps.google.com/?q=35.72596,139.330063	2026-07-19T09:37:20Z	2026-07-28T18:40:49Z	39.7	84
ur_9676dcb5b6e4e2ca	多摩ニュータウン ファインヒルいなぎ ビューコート若葉台　2号棟202号室	Inagi City		UR Public Housing	1LDK	56㎡	56.0	111100円	111100	4700	222200	Anytime	稲城市若葉台4-33	1999	115800	UR	2	京王相模原線「若葉台」駅 徒歩16～18分 またはバス2分 徒歩1～3分, 小田急多摩線「はるひ野」駅 徒歩18～19分, 小田急多摩線「黒川」駅 徒歩28～30分	https://www.ur-net.go.jp/chintai/kanto/tokyo/20_5910_room.html?JKSS=000020202	35.627853	139.469498	https://maps.google.com/?q=35.627853,139.469498	2026-07-24T01:45:54Z	2026-07-28T18:40:49Z	23.0	58
ur_5fd7343ed4b3fe13	多摩ニュータウン ファインヒルいなぎ リベレ向陽台　9号棟404号室	Inagi City		UR Public Housing	3DK	66㎡	66.0	94800円	94800	3000	189600	Anytime	稲城市向陽台5-10	1989	97800	UR	4	京王相模原線「稲城」駅バス6分 徒歩2～5分, JR南武線「南多摩」駅 徒歩20～22分, JR南武線「稲城長沼」駅 徒歩24～30分	https://www.ur-net.go.jp/chintai/kanto/tokyo/20_4190_room.html?JKSS=510090404	35.640839	139.485764	https://maps.google.com/?q=35.640839,139.485764	2026-07-24T07:37:33Z	2026-07-28T18:40:49Z	23.0	58
ur_f69fea12bd2a022a	多摩ニュータウン ファインヒルいなぎ ビスタノーレ向陽台　5号棟302号室	Inagi City		UR Public Housing	3LDK	67㎡	67.0	111000円	111000	3900	222000	Anytime	稲城市向陽台6-11	1992	114900	UR	3	京王相模原線「稲城」駅 徒歩18～21分 またはバス4分 徒歩3～6分, JR南武線「南多摩」駅 徒歩12~16分, JR南武線「稲城長沼」駅 徒歩19～21分	https://www.ur-net.go.jp/chintai/kanto/tokyo/20_4840_room.html?JKSS=000050302	35.642452	139.491028	https://maps.google.com/?q=35.642452,139.491028	2026-07-21T09:38:48Z	2026-07-28T18:40:49Z	23.0	58
ur_c714366bf4af9f0b	多摩ニュータウン ファインヒルいなぎ 長峰・杜の一番街　3号棟503号室	Inagi City		UR Public Housing	3LDK	77㎡	77.0	110700円	110700	5400	221400	Anytime	稲城市長峰3-2	1995	116100	UR	5	京王相模原線「若葉台」駅バス6分 徒歩4～6分, 京王相模原線「稲城」駅バス11分 徒歩4～6分, JR南武線「南多摩」駅 徒歩32～33分	https://www.ur-net.go.jp/chintai/kanto/tokyo/20_5290_room.html?JKSS=000030503	35.631863	139.480377	https://maps.google.com/?q=35.631863,139.480377	2026-07-20T11:41:31Z	2026-07-28T18:40:49Z	23.0	58
ur_efd363559209df17	多摩ニュータウン ファインヒルいなぎ ビューコート若葉台　8号棟603号室	Inagi City		UR Public Housing	3LDK	78㎡	78.0	144500円	144500	4700	289000	Anytime	稲城市若葉台4-33	1999	149200	UR	6	京王相模原線「若葉台」駅 徒歩16～18分 またはバス2分 徒歩1～3分, 小田急多摩線「はるひ野」駅 徒歩18～19分, 小田急多摩線「黒川」駅 徒歩28～30分	https://www.ur-net.go.jp/chintai/kanto/tokyo/20_5910_room.html?JKSS=000080603	35.627853	139.469498	https://maps.google.com/?q=35.627853,139.469498	2026-07-25T03:39:00Z	2026-07-28T18:40:49Z	23.0	58
ur_89a735128ed8fc7a	多摩ニュータウン ファインヒルいなぎ 長峰・杜の一番街　4号棟401号室	Inagi City		UR Public Housing	3LDK	82㎡	82.0	126000円	126000	5400	252000	Anytime	稲城市長峰3-2	1996	131400	UR	4	京王相模原線「若葉台」駅バス6分 徒歩4～6分, 京王相模原線「稲城」駅バス11分 徒歩4～6分, JR南武線「南多摩」駅 徒歩32～33分	https://www.ur-net.go.jp/chintai/kanto/tokyo/20_5290_room.html?JKSS=000040401	35.631863	139.480377	https://maps.google.com/?q=35.631863,139.480377	2026-07-28T01:38:27Z	2026-07-28T18:40:49Z	23.0	58
ur_e1e89621b9fa9dcd	多摩ニュータウン ファインヒルいなぎ ビュープラザ向陽台　2号棟819号室	Inagi City		UR Public Housing	3LDK	96㎡	96.0	140000円	140000	3200	280000	Anytime	稲城市向陽台4-4-2	1990	143200	UR	8	京王相模原線「稲城」駅バス6分 徒歩6分, JR南武線「南多摩」駅 徒歩20分, JR南武線「稲城長沼」駅 徒歩26分	https://www.ur-net.go.jp/chintai/kanto/tokyo/20_4500_room.html?JKSS=000020819	35.640167	139.48381	https://maps.google.com/?q=35.640167,139.48381	2026-07-17T01:43:10Z	2026-07-28T18:40:49Z	23.0	58
3a0a60eefd09f294	富士見町 14-207	Tachikawa City	高齢	General Rental (Fixed Term)	2DK	34.56	34.56	44800	44800	2200	89600	Immediately Available	立川市富士見町６－１４	1967	47000	JKK	2		https://www.to-kousya.or.jp/chintai/reco/fujimicho.html	35.69379528	139.3943638	https://maps.google.com/?q=35.69379528,139.3943638	2026-07-17T07:03:36Z	2026-07-18T22:28:16Z	32.0	74
a677ef882cf09a3b	富士見町東 45-407	Tachikawa City	Support / Subsidised	General Rental	2DK	48.32	48.32	64800	64800	2100	129600	Immediately Available	立川市富士見町７－４５	1978	66900	JKK	4		https://www.to-kousya.or.jp/chintai/reco/fujimichohigashi.html	35.69176395	139.3975986	https://maps.google.com/?q=35.69176395,139.3975986	2026-06-24T01:02:12Z	2026-07-18T22:28:16Z	32.0	74
a7e049f87e09183b	富士見町東 42-408	Tachikawa City	Support / Subsidised	General Rental	2DK	48.32	48.32	68200	68200	2100	136400	Immediately Available	立川市富士見町７－４２	1978	70300	JKK	4		https://www.to-kousya.or.jp/chintai/reco/fujimichohigashi.html	35.69176395	139.3975986	https://maps.google.com/?q=35.69176395,139.3975986	2026-07-01T03:03:44Z	2026-07-18T22:28:16Z	32.0	74
ur_1b08e2e692694892	立川幸町　14号棟505号室	Tachikawa City	Priority	UR Public Housing	2LDK	56㎡	56.0	70000円	70000	2950	140000	Anytime	立川市幸町4-52-1	1971	72950	UR	5	多摩都市モノレール「玉川上水」駅 徒歩15～21分, 西武拝島線「東大和市」駅 徒歩16～21分, JR中央線「立川」駅バス20分 徒歩3～6分	https://www.ur-net.go.jp/chintai/kanto/tokyo/20_2130_room.html?JKSS=000014505	35.727039	139.427322	https://maps.google.com/?q=35.727039,139.427322	2026-07-03T01:35:11Z	2026-07-28T18:40:49Z	32.0	74
ur_32a2f27613efb929	立川幸町　6号棟506号室	Tachikawa City	Priority	UR Public Housing	3DK	56㎡	56.0			2950		Anytime	立川市幸町4-52-1	1971		UR	5	多摩都市モノレール「玉川上水」駅 徒歩15～21分, 西武拝島線「東大和市」駅 徒歩16～21分, JR中央線「立川」駅バス20分 徒歩3～6分	https://www.ur-net.go.jp/chintai/kanto/tokyo/20_2130_room.html?JKSS=000006506	35.727039	139.427322	https://maps.google.com/?q=35.727039,139.427322	2026-07-23T01:37:48Z	2026-07-28T18:40:49Z	32.0	74
ur_bd29a56e950fb09b	立川若葉町　1号棟405号室	Tachikawa City		UR Public Housing	3DK	56㎡	56.0	77700円	77700	3700	155400	Anytime	立川市若葉町4-25-1	1971	81400	UR	4	JR中央線「立川」駅バス19分 徒歩2～9分, 西武拝島線「東大和市」駅 徒歩16～28分, 西武国分寺線「鷹の台」駅 徒歩22～32分	https://www.ur-net.go.jp/chintai/kanto/tokyo/20_2140_room.html?JKSS=000001405	35.724091	139.43663	https://maps.google.com/?q=35.724091,139.43663	2026-07-10T01:39:25Z	2026-07-28T18:40:49Z	32.0	74
ur_ec7cc6c6a8ab9799	シティコート立川曙町　119号室	Tachikawa City		UR Public Housing	3LDK	76㎡	76.0	161700円	161700	6000	323400	Anytime	立川市曙町3-18-22	1999	167700	UR	1	JR中央線ほか｢立川｣駅 徒歩15分	https://www.ur-net.go.jp/chintai/kanto/tokyo/20_5930_room.html?JKSS=000000119	35.702122	139.424728	https://maps.google.com/?q=35.702122,139.424728	2026-07-22T01:37:08Z	2026-07-28T18:40:49Z	32.0	74
ur_cc363964ca43c751	立川一番町東　45号棟105号室	Tachikawa City		UR Public Housing	3LDK	84㎡	84.0	92000円	92000	4300	184000	Anytime	立川市一番町6-8-1ほか	1986	96300	UR	1	西武拝島線「西武立川」駅 徒歩15～19分 またはバス4分 徒歩3～7分, JR青梅線「昭島」駅バス9分 徒歩3～7分, JR中央線「立川」駅バス20分 徒歩3～7分	https://www.ur-net.go.jp/chintai/kanto/tokyo/20_3670_room.html?JKSS=000045105	35.733074	139.376099	https://maps.google.com/?q=35.733074,139.376099	2026-07-17T09:38:37Z	2026-07-28T18:40:49Z	32.0	74
ur_b490b91e3a07c883	立川一番町東　45号棟101号室	Tachikawa City		UR Public Housing	3LDK	86㎡	86.0			4300		Anytime	立川市一番町6-8-1ほか	1986		UR	1	西武拝島線「西武立川」駅 徒歩15～19分 またはバス4分 徒歩3～7分, JR青梅線「昭島」駅バス9分 徒歩3～7分, JR中央線「立川」駅バス20分 徒歩3～7分	https://www.ur-net.go.jp/chintai/kanto/tokyo/20_3670_room.html?JKSS=000045101	35.733074	139.376099	https://maps.google.com/?q=35.733074,139.376099	2026-07-24T01:45:54Z	2026-07-28T18:40:49Z	32.0	74
ur_37307cadc5a16f56	立川一番町東　31号棟1号室	Tachikawa City		UR Public Housing	4LDK	92㎡	92.0			4300		Anytime	立川市一番町6-8-1ほか	1986		UR	1	西武拝島線「西武立川」駅 徒歩15～19分 またはバス4分 徒歩3～7分, JR青梅線「昭島」駅バス9分 徒歩3～7分, JR中央線「立川」駅バス20分 徒歩3～7分	https://www.ur-net.go.jp/chintai/kanto/tokyo/20_3670_room.html?JKSS=000310001	35.733074	139.376099	https://maps.google.com/?q=35.733074,139.376099	2026-07-04T09:37:35Z	2026-07-28T18:40:49Z	32.0	74
9428a896ff70e80b	江の島道東 7-714	Tachikawa City	高齢	General Rental (Fixed Term)	2DK+S	51.75	51.75	59900	59900	2100	119800	Immediately Available	立川市栄町５－２１－１	1962	62000	JKK	1		https://www.to-kousya.or.jp/chintai/reco/enoshimamichihigashi.html	35.71567395	139.4260992	https://maps.google.com/?q=35.71567395,139.4260992	2026-07-17T07:03:36Z	2026-07-18T22:28:16Z	32.0	74
ur_c5389d11d37b1476	羽村　12号棟504号室	Hamura City		UR Public Housing	3DK	52㎡	52.0			3500		Anytime	羽村市富士見平1-18ほか	1972		UR	5	JR青梅線「羽村」駅 徒歩17～20分 またはバス4分 徒歩1～5分, JR青梅線「福生」駅 徒歩37～41分	https://www.ur-net.go.jp/chintai/kanto/tokyo/20_2270_room.html?JKSS=000120504	35.765739	139.325851	https://maps.google.com/?q=35.765739,139.325851	2026-07-07T09:39:32Z	2026-07-28T18:40:49Z	41.8	96
ur_93eda6ed9385efe9	羽村　16号棟309号室	Hamura City		UR Public Housing	3DK	52㎡	52.0	63200円	63200	3500	126400	Anytime	羽村市富士見平1-18ほか	1972	66700	UR	3	JR青梅線「羽村」駅 徒歩17～20分 またはバス4分 徒歩1～5分, JR青梅線「福生」駅 徒歩37～41分	https://www.ur-net.go.jp/chintai/kanto/tokyo/20_2270_room.html?JKSS=000160309	35.765739	139.325851	https://maps.google.com/?q=35.765739,139.325851	2026-07-28T01:38:27Z	2026-07-28T18:40:49Z	41.8	96
ur_228cb85042b46db6	アーバンライフ東新小岩　3号棟609号室	Katsushika Ward		UR Public Housing	1DK	45㎡	45.0	137200円	137200	4300	274400	Anytime	葛飾区東新小岩3-8	1994	141500	UR	6	JR総武線快速「新小岩」駅 徒歩9～11分, JR総武線「新小岩」駅 徒歩9～11分	https://www.ur-net.go.jp/chintai/kanto/tokyo/20_5020_room.html?JKSS=000030609	35.722328	139.859055	https://maps.google.com/?q=35.722328,139.859055	2026-07-26T15:14:29Z	2026-07-28T18:40:49Z	11.8	29
ur_43af914319d0b219	すまいる亀有　11号棟405号室	Katsushika Ward		UR Public Housing	1LDK	55㎡	55.0	118600円	118600	6600	237200	Anytime	葛飾区亀有1-10	1995	125200	UR	4	JR常磐線「亀有」駅 徒歩13～17分, JR常磐線「亀有」駅バス5分 徒歩2～4分, 京成本線「青砥」駅 徒歩20～22分	https://www.ur-net.go.jp/chintai/kanto/tokyo/20_4481_room.html?JKSS=000110405	35.757042	139.846375	https://maps.google.com/?q=35.757042,139.846375	2026-07-26T15:14:29Z	2026-07-28T18:40:49Z	11.8	29
ur_ea8da9929b918b1b	金町第二　1号棟738号室	Katsushika Ward		UR Public Housing	2LDK	63㎡	63.0	111300円	111300	4400	222600	Anytime	葛飾区南水元3-6ほか	1978	115700	UR	7	JR常磐線「金町」駅 徒歩10～12分, 京成金町線「京成金町」駅 徒歩12～14分, JR常磐線「金町」駅バス3分 徒歩1分	https://www.ur-net.go.jp/chintai/kanto/tokyo/20_2950_room.html?JKSS=000010738	35.775391	139.865845	https://maps.google.com/?q=35.775391,139.865845	2026-07-28T01:38:27Z	2026-07-28T18:40:49Z	11.8	29
ur_0f89573691a76a1d	青戸第一　3号棟304号室	Katsushika Ward		UR Public Housing	3DK	57㎡	57.0	144700円	144700	5600	289400	Anytime	葛飾区青戸3-19ほか	1993	150300	UR	3	京成本線「青砥」駅 徒歩4～9分, 京成押上線「青砥」駅 徒歩4～9分	https://www.ur-net.go.jp/chintai/kanto/tokyo/20_4911_room.html?JKSS=000030304	35.746082	139.851303	https://maps.google.com/?q=35.746082,139.851303	2026-07-28T01:38:27Z	2026-07-28T18:40:49Z	11.8	29
ur_0d65761ce61e419b	グリーンハイツ武蔵境通り　6号棟108号室	Nishitokyo City		UR Public Housing	1LDK	56㎡	56.0	119400円	119400	3300	238800	Anytime	西東京市新町1-4	1999	122700	UR	1	JR中央線「武蔵境」駅 徒歩20～22分 またはバス5分 徒歩1～4分, JR中央線「三鷹」駅バス10分 徒歩1～4分, 西武新宿線「田無」駅バス4分 徒歩2～5分	https://www.ur-net.go.jp/chintai/kanto/tokyo/20_5210_room.html?JKSS=000060108	35.715721	139.545532	https://maps.google.com/?q=35.715721,139.545532	2026-07-25T01:38:50Z	2026-07-28T18:40:49Z	20.9	54
ur_c4c8a036a763c055	新柳沢　4号棟102号室	Nishitokyo City		UR Public Housing	2DK	45㎡	45.0	106200円	106200	4180	212400	Anytime	西東京市柳沢3-4	1993	110380	UR	1	西武新宿線「西武柳沢」駅 徒歩11～14分, JR中央線「三鷹」駅バス9分 徒歩6～8分, JR中央線「吉祥寺」駅バス11分 徒歩6～8分	https://www.ur-net.go.jp/chintai/kanto/tokyo/20_4900_room.html?JKSS=000040102	35.722225	139.553177	https://maps.google.com/?q=35.722225,139.553177	2026-07-25T03:39:00Z	2026-07-28T18:40:49Z	20.9	54
ur_3e78b512e14dd17a	グリーンハイツ武蔵境通り　2号棟903号室	Nishitokyo City		UR Public Housing	3DK	64㎡	64.0	139600円	139600	3300	279200	Anytime	西東京市新町1-4	1995	142900	UR	9	JR中央線「武蔵境」駅 徒歩20～22分 またはバス5分 徒歩1～4分, JR中央線「三鷹」駅バス10分 徒歩1～4分, 西武新宿線「田無」駅バス4分 徒歩2～5分	https://www.ur-net.go.jp/chintai/kanto/tokyo/20_5210_room.html?JKSS=000020903	35.715721	139.545532	https://maps.google.com/?q=35.715721,139.545532	2026-07-27T05:38:01Z	2026-07-28T18:40:49Z	20.9	54
ur_12bb4802dea74e26	神代　27号棟403号室	Chofu City		UR Public Housing	1LDK	39㎡	39.0	81600円	81600	3800	163200	Anytime	調布市西つつじヶ丘4-23、狛江市西野川1-25	1965	85400	UR	4	京王線「つつじケ丘」駅 徒歩7～19分, 小田急小田原線「成城学園前」駅バス11～15分 徒歩1～5分, 小田急小田原線「狛江」駅バス7～9分 徒歩1～5分	https://www.ur-net.go.jp/chintai/kanto/tokyo/20_1320_room.html?JKSS=000027403	35.654198	139.573532	https://maps.google.com/?q=35.654198,139.573532	2026-07-27T09:37:52Z	2026-07-28T18:40:49Z	19.6	49
ur_e36334b404ddda09	神代　19号棟103号室	Chofu City		UR Public Housing	2LDK	53㎡	53.0	107500円	107500	3800	215000	Anytime	調布市西つつじヶ丘4-23、狛江市西野川1-25	1965	111300	UR	1	京王線「つつじケ丘」駅 徒歩7～19分, 小田急小田原線「成城学園前」駅バス11～15分 徒歩1～5分, 小田急小田原線「狛江」駅バス7～9分 徒歩1～5分	https://www.ur-net.go.jp/chintai/kanto/tokyo/20_1320_room.html?JKSS=000019103	35.654198	139.573532	https://maps.google.com/?q=35.654198,139.573532	2026-07-04T01:35:13Z	2026-07-28T18:40:49Z	19.6	49
ur_2093435fd4988818	神代　12号棟110号室	Chofu City		UR Public Housing	2LDK	53㎡	53.0	107500円	107500	3800	215000	Anytime	調布市西つつじヶ丘4-23、狛江市西野川1-25	1965	111300	UR	1	京王線「つつじケ丘」駅 徒歩7～19分, 小田急小田原線「成城学園前」駅バス11～15分 徒歩1～5分, 小田急小田原線「狛江」駅バス7～9分 徒歩1～5分	https://www.ur-net.go.jp/chintai/kanto/tokyo/20_1320_room.html?JKSS=000012110	35.654198	139.573532	https://maps.google.com/?q=35.654198,139.573532	2026-07-25T01:38:50Z	2026-07-28T18:40:49Z	19.6	49
ur_ab1a4bd24e736d7a	神代　18号棟201号室	Chofu City		UR Public Housing	2LDK	55㎡	55.0	110400円	110400	3800	220800	Anytime	調布市西つつじヶ丘4-23、狛江市西野川1-25	1965	114200	UR	2	京王線「つつじケ丘」駅 徒歩7～19分, 小田急小田原線「成城学園前」駅バス11～15分 徒歩1～5分, 小田急小田原線「狛江」駅バス7～9分 徒歩1～5分	https://www.ur-net.go.jp/chintai/kanto/tokyo/20_1320_room.html?JKSS=000018201	35.654198	139.573532	https://maps.google.com/?q=35.654198,139.573532	2026-07-17T01:43:10Z	2026-07-28T18:40:49Z	19.6	49
ur_f67b43bcf8831716	神代（59号棟）　59号棟601号室	Chofu City		UR Public Housing	2LDK	69㎡	69.0	161700円	161700	6300	323400	Anytime	調布市西つつじヶ丘4-23	1988	168000	UR	6	京王線「つつじヶ丘」駅 徒歩15分, 小田急小田原線「成城学園前」駅バス14分「神代団地中央」徒歩10分	https://www.ur-net.go.jp/chintai/kanto/tokyo/20_4170_room.html?JKSS=000059601	35.654198	139.573532	https://maps.google.com/?q=35.654198,139.573532	2026-07-25T03:39:00Z	2026-07-28T18:40:49Z	19.6	49
ur_b46a24547d1028ff	神代　37号棟306号室	Chofu City		UR Public Housing	4DK	65㎡	65.0	124700円	124700	3800	249400	Anytime	調布市西つつじヶ丘4-23、狛江市西野川1-25	1965	128500	UR	3	京王線「つつじケ丘」駅 徒歩7～19分, 小田急小田原線「成城学園前」駅バス11～15分 徒歩1～5分, 小田急小田原線「狛江」駅バス7～9分 徒歩1～5分	https://www.ur-net.go.jp/chintai/kanto/tokyo/20_1320_room.html?JKSS=000037306	35.654198	139.573532	https://maps.google.com/?q=35.654198,139.573532	2026-07-28T03:37:03Z	2026-07-28T18:40:49Z	19.6	49
ur_36ea38dbf12da420	ハートアイランド新田一番街　1号棟204号室	Adachi Ward		UR Public Housing	1LDK	63㎡	63.0	134700円	134700	7600	269400	Anytime	足立区新田3―36	2004	142300	UR	2	JR京浜東北・根岸線「王子」駅バス13分 徒歩1～2分, 東京メトロ南北線「王子神谷」駅 徒歩19～20分	https://www.ur-net.go.jp/chintai/kanto/tokyo/20_6740_room.html?JKSS=000010204	35.771393	139.748642	https://maps.google.com/?q=35.771393,139.748642	2026-07-26T15:14:29Z	2026-07-28T18:40:49Z	12.8	28
ur_c3fc6ff5d2fa613e	栗原　5号棟506号室	Adachi Ward		UR Public Housing	2DK	40㎡	40.0	77400円	77400	4270	154800	Anytime	足立区栗原2-5ほか	1968	81670	UR	5	東武伊勢崎線「西新井」駅 徒歩8～13分	https://www.ur-net.go.jp/chintai/kanto/tokyo/20_1600_room.html?JKSS=000005506	35.783722	139.789658	https://maps.google.com/?q=35.783722,139.789658	2026-07-28T01:38:27Z	2026-07-28T18:40:49Z	12.8	28
ur_f9d6302bcb91d15e	フレール西新井中央公園　4号棟605号室	Adachi Ward		UR Public Housing	2DK	58㎡	58.0	129700円	129700	5100	259400	Anytime	足立区西新井3-16ほか	2008	134800	UR	6	日暮里舎人ライナー「谷在家」駅 徒歩12～14分, 東武大師線「大師前」駅 徒歩16～18分	https://www.ur-net.go.jp/chintai/kanto/tokyo/20_7050_room.html?JKSS=000040605	35.787514	139.779877	https://maps.google.com/?q=35.787514,139.779877	2026-07-28T01:38:27Z	2026-07-28T18:40:49Z	12.8	28
ur_d7cb996b2b7c2c7f	ハートアイランド新田一番街　2号棟609号室	Adachi Ward		UR Public Housing	2LDK	66㎡	66.0	146900円	146900	7600	293800	Anytime	足立区新田3―36	2004	154500	UR	6	JR京浜東北・根岸線「王子」駅バス13分 徒歩1～2分, 東京メトロ南北線「王子神谷」駅 徒歩19～20分	https://www.ur-net.go.jp/chintai/kanto/tokyo/20_6740_room.html?JKSS=000020609	35.771393	139.748642	https://maps.google.com/?q=35.771393,139.748642	2026-07-28T09:43:17Z	2026-07-28T18:40:49Z	12.8	28
ur_3fa4808f8cbd82bf	竹の塚第一　20号棟508号室	Adachi Ward		UR Public Housing	3DK	50㎡	50.0	88200円	88200	3500	176400	Anytime	足立区竹の塚3-11ほか	1965	91700	UR	5	東武伊勢崎線「竹ノ塚」駅 徒歩11～16分, 東武伊勢崎線「竹ノ塚」駅バス2～3分 徒歩2～7分, JR常磐線「北千住」駅バス16～18分 徒歩1～5分	https://www.ur-net.go.jp/chintai/kanto/tokyo/20_1300_room.html?JKSS=000020508	35.79221	139.800156	https://maps.google.com/?q=35.79221,139.800156	2026-07-27T11:44:54Z	2026-07-28T18:40:49Z	12.8	28
ur_f4560fe72e5e1689	竹の塚第二　11号棟406号室	Adachi Ward		UR Public Housing	3DK	50㎡	50.0	92300円	92300	4800	184600	Anytime	足立区竹の塚1-5ほか	1965	97100	UR	4	東武伊勢崎線「竹ノ塚」駅 徒歩6～12分	https://www.ur-net.go.jp/chintai/kanto/tokyo/20_1310_room.html?JKSS=000011406	35.788174	139.788773	https://maps.google.com/?q=35.788174,139.788773	2026-07-26T15:14:29Z	2026-07-28T18:40:49Z	12.8	28
