ID	住宅名 (Building Name)	地域 (Ward)	優先種別 (Priority Type)	住宅種別 (Housing Type)	間取り (Floor Plan)	床面積 (Area)	床面積㎡ (Area sqm)	家賃 (Rent)	家賃円 (Rent ¥)	共益費円 (Mgmt Fee ¥)	敷金円 (Deposit ¥)	入居可能日 (Available From)	住所 (Address)	竣工年 (Built Year)	月額合計円 (Total Monthly ¥)	ソース (Source)	階 (Floor)	アクセス (Train Access)	詳細URL (Detail URL)	緯度 (Latitude)	経度 (Longitude)	Googleマップ (Google Maps)	初回確認 (First Seen UTC)	最終確認 (Last Seen UTC)	新橋駅距離km (Dist to Shimbashi km)	新橋駅電車分 (Train min to Shimbashi)
ur_4d86394b1b085469	成城通りパークウエスト　3号棟217号室	世田谷区		UR賃貸住宅	1DK	47㎡	47.0	142600円	142600	3800	285200	随時	世田谷区上祖師谷4-2	1991	146400	UR	2	小田急小田原線「成城学園前」駅バス7分 徒歩2～3分 または「成城学園前」駅 徒歩21分, 京王線「千歳烏山」駅バス12分 徒歩2～3分	https://www.ur-net.go.jp/chintai/kanto/tokyo/20_4600_room.html?JKSS=000030217	35.653099	139.596817	https://maps.google.com/?q=35.653099,139.596817	2026-08-01T15:12:35Z	2026-08-02T01:36:01Z	9.7	34
c36194ad02d7356b	カーメスト用賀馬事公苑 1-307	世田谷区	一般	一般賃貸住宅（期限付）	1LDK	45.7	45.7	215700	215700	10000	647100	即入居可	世田谷区上用賀四丁目１７番１号	2025	225700	JKK	3		https://www.to-kousya.or.jp/chintai/reco/c_yogabajikoen.html	35.636436581521146	139.63085088622978	https://maps.google.com/?q=35.636436581521146,139.63085088622978	2026-07-17T06:20:12Z	2026-07-18T22:28:16Z	9.7	34
4219faa94132ea52	カーメスト用賀馬事公苑 1-415	世田谷区	一般	一般賃貸住宅（期限付）	1LDK	45.7	45.7	218600	218600	10000	655800	即入居可	世田谷区上用賀四丁目１７番１号	2025	228600	JKK	4		https://www.to-kousya.or.jp/chintai/reco/c_yogabajikoen.html	35.636436581521146	139.63085088622978	https://maps.google.com/?q=35.636436581521146,139.63085088622978	2026-06-24T07:56:50Z	2026-07-18T22:28:16Z	9.7	34
511fcde968457120	カーメスト用賀馬事公苑 1-104	世田谷区	一般	一般賃貸住宅（期限付）	2LDK	54.52	54.52	245300	245300	10000	735900	即入居可	世田谷区上用賀四丁目１７番１号	2025	255300	JKK	1		https://www.to-kousya.or.jp/chintai/reco/c_yogabajikoen.html	35.636436581521146	139.63085088622978	https://maps.google.com/?q=35.636436581521146,139.63085088622978	2026-06-24T07:56:50Z	2026-07-18T22:28:16Z	9.7	34
a4eda47bb862bce4	カーメスト用賀馬事公苑 1-403	世田谷区	一般	一般賃貸住宅（期限付）	2LDK	54.52	54.52	266400	266400	10000	799200	即入居可	世田谷区上用賀四丁目１７番１号	2025	276400	JKK	4		https://www.to-kousya.or.jp/chintai/reco/c_yogabajikoen.html	35.636436581521146	139.63085088622978	https://maps.google.com/?q=35.636436581521146,139.63085088622978	2026-05-31T03:05:08Z	2026-07-18T22:28:16Z	9.7	34
84d29d30790bdc9b	カーメスト用賀馬事公苑 1-301	世田谷区	一般	一般賃貸住宅（期限付）	2LDK	56.76	56.76	273700	273700	10000	821100	即入居可	世田谷区上用賀四丁目１７番１号	2025	283700	JKK	3		https://www.to-kousya.or.jp/chintai/reco/c_yogabajikoen.html	35.636436581521146	139.63085088622978	https://maps.google.com/?q=35.636436581521146,139.63085088622978	2026-07-17T08:05:05Z	2026-07-18T22:28:16Z	9.7	34
eb02a9d1d241f8b4	カーメスト用賀馬事公苑 1-212	世田谷区	一般	一般賃貸住宅（期限付）	2LDK	60.51	60.51	286400	286400	10000	859200	即入居可	世田谷区上用賀四丁目１７番１号	2025	296400	JKK	2		https://www.to-kousya.or.jp/chintai/reco/c_yogabajikoen.html	35.636436581521146	139.63085088622978	https://maps.google.com/?q=35.636436581521146,139.63085088622978	2026-05-31T03:05:08Z	2026-07-18T22:28:16Z	9.7	34
6e465a3952613249	カーメスト用賀馬事公苑 1-204	世田谷区	一般	一般賃貸住宅（期限付）	3LDK	64.16	64.16	298000	298000	10000	894000	即入居可	世田谷区上用賀四丁目１７番１号	2025	308000	JKK	2		https://www.to-kousya.or.jp/chintai/reco/c_yogabajikoen.html	35.636436581521146	139.63085088622978	https://maps.google.com/?q=35.636436581521146,139.63085088622978	2026-05-31T03:05:08Z	2026-07-18T22:28:16Z	9.7	34
25017100a3554ae4	カーメスト用賀馬事公苑 1-102	世田谷区	一般	一般賃貸住宅（期限付）	3LDK	65.27	65.27	297500	297500	10000	892500	即入居可	世田谷区上用賀四丁目１７番１号	2025	307500	JKK	1		https://www.to-kousya.or.jp/chintai/reco/c_yogabajikoen.html	35.636436581521146	139.63085088622978	https://maps.google.com/?q=35.636436581521146,139.63085088622978	2026-05-31T03:05:08Z	2026-07-18T22:28:16Z	9.7	34
e2deb918a2aa79cc	カーメスト用賀馬事公苑 1-206	世田谷区	一般	一般賃貸住宅（期限付）	3LDK	65.27	65.27	304500	304500	10000	913500	即入居可	世田谷区上用賀四丁目１７番１号	2025	314500	JKK	2		https://www.to-kousya.or.jp/chintai/reco/c_yogabajikoen.html	35.636436581521146	139.63085088622978	https://maps.google.com/?q=35.636436581521146,139.63085088622978	2026-05-31T03:05:08Z	2026-07-18T22:28:16Z	9.7	34
2c75bb74948df1dc	カーメスト用賀馬事公苑 1-209	世田谷区	一般	一般賃貸住宅（期限付）	3LDK	65.27	65.27	304500	304500	10000	913500	即入居可	世田谷区上用賀四丁目１７番１号	2025	314500	JKK	2		https://www.to-kousya.or.jp/chintai/reco/c_yogabajikoen.html	35.636436581521146	139.63085088622978	https://maps.google.com/?q=35.636436581521146,139.63085088622978	2026-05-31T03:05:08Z	2026-07-18T22:28:16Z	9.7	34
557416acea09e927	カーメスト用賀馬事公苑 1-306	世田谷区	一般	一般賃貸住宅（期限付）	3LDK	65.27	65.27	308700	308700	10000	926100	即入居可	世田谷区上用賀四丁目１７番１号	2025	318700	JKK	3		https://www.to-kousya.or.jp/chintai/reco/c_yogabajikoen.html	35.636436581521146	139.63085088622978	https://maps.google.com/?q=35.636436581521146,139.63085088622978	2026-05-31T03:05:08Z	2026-07-18T22:28:16Z	9.7	34
cc94b43f59fdd0df	カーメスト用賀馬事公苑 1-115	世田谷区	一般	一般賃貸住宅（期限付）	3LDK	66.33	66.33	313800	313800	10000	941400	即入居可	世田谷区上用賀四丁目１７番１号	2025	323800	JKK	1		https://www.to-kousya.or.jp/chintai/reco/c_yogabajikoen.html	35.636436581521146	139.63085088622978	https://maps.google.com/?q=35.636436581521146,139.63085088622978	2026-05-31T03:05:08Z	2026-07-18T22:28:16Z	9.7	34
8ca6ae8f959c3019	カーメスト用賀馬事公苑 1-323	世田谷区	一般	一般賃貸住宅（期限付）	3LDK	66.33	66.33	325200	325200	10000	975600	即入居可	世田谷区上用賀四丁目１７番１号	2025	335200	JKK	3		https://www.to-kousya.or.jp/chintai/reco/c_yogabajikoen.html	35.636436581521146	139.63085088622978	https://maps.google.com/?q=35.636436581521146,139.63085088622978	2026-05-31T03:05:08Z	2026-07-18T22:28:16Z	9.7	34
81fd6fb83e24e75b	カーメスト用賀馬事公苑 1-418	世田谷区	一般	一般賃貸住宅（期限付）	3LDK	66.33	66.33	336600	336600	10000	1009800	即入居可	世田谷区上用賀四丁目１７番１号	2025	346600	JKK	4		https://www.to-kousya.or.jp/chintai/reco/c_yogabajikoen.html	35.636436581521146	139.63085088622978	https://maps.google.com/?q=35.636436581521146,139.63085088622978	2026-06-05T01:35:00Z	2026-07-18T22:28:16Z	9.7	34
10cb0b702cb3e447	カーメスト用賀馬事公苑 1-303	世田谷区	一般	一般賃貸住宅（期限付）	3LDK	75.68	75.68	362500	362500	10000	1087500	即入居可	世田谷区上用賀四丁目１７番１号	2025	372500	JKK	3		https://www.to-kousya.or.jp/chintai/reco/c_yogabajikoen.html	35.636436581521146	139.63085088622978	https://maps.google.com/?q=35.636436581521146,139.63085088622978	2026-05-31T03:05:08Z	2026-07-18T22:28:16Z	9.7	34
ur_966d5923241fe380	晴海アイランド トリトンスクエアアーバンタワー　5号棟2201号室	中央区		UR賃貸住宅	3DK	60㎡	60.0	246500円	246500	6500	493000	随時	中央区晴海1-8-5	2001	253000	UR	22	都営大江戸線｢勝どき｣駅 徒歩10分, 東京メトロ有楽町線｢月島｣駅 徒歩10分, 都営大江戸線「月島」駅 徒歩10分	https://www.ur-net.go.jp/chintai/kanto/tokyo/20_6410_room.html?JKSS=000052201	35.655556	139.78183	https://maps.google.com/?q=35.655556,139.78183	2026-08-01T13:13:40Z	2026-08-02T01:36:01Z	1.4	9
6ec1effff246b5b1	松が谷 49-4-503	八王子市	一般	一賃リニューアル（期限付）	3DK	51.38	51.38	57500	57500	2400	115000	即入居可	八王子市松が谷４９－４	1976	59900	JKK	5		https://www.to-kousya.or.jp/chintai/reco/matsugaya.html	35.62982587	139.4130014	https://maps.google.com/?q=35.62982587,139.4130014	2026-07-10T06:37:38Z	2026-07-18T22:28:16Z	39.8	85
a905e339371c05b5	横川町 1-506	八王子市	応援	一般賃貸住宅	3DK	56.12	56.12	58000	58000	3100	116000	即入居可	八王子市横川町１０８－１	1980	61100	JKK	5		https://www.to-kousya.or.jp/chintai/reco/yokokawachou.html	35.66784312	139.3087524	https://maps.google.com/?q=35.66784312,139.3087524	2026-07-18T05:03:13Z	2026-07-18T22:28:16Z	39.8	85
88bdbb11eb44879d	横川町 4-402	八王子市	応援	一般賃貸住宅	3DK	62.42	62.42	62100	62100	3100	124200	即入居可	八王子市横川町１０８－４	1980	65200	JKK	4		https://www.to-kousya.or.jp/chintai/reco/yokokawachou.html	35.66784312	139.3087524	https://maps.google.com/?q=35.66784312,139.3087524	2026-07-17T07:35:58Z	2026-07-18T22:28:16Z	39.8	85
ur_2020d8f2f482bdf0	赤羽北二丁目　1号棟310号室	北区		UR賃貸住宅	1LDK	48㎡	48.0	117900円	117900	4000	235800	随時	北区赤羽北2-15	1977	121900	UR	3	JR埼京線「北赤羽」駅 徒歩6～7分	https://www.ur-net.go.jp/chintai/kanto/tokyo/20_2800_room.html?JKSS=000010310	35.784081	139.705338	https://maps.google.com/?q=35.784081,139.705338	2026-08-01T01:39:24Z	2026-08-02T01:36:01Z	9.9	24
ur_e572250811b35c0f	赤羽北二丁目　1号棟1325号室	北区		UR賃貸住宅	1LDK	48㎡	48.0	117900円	117900	4000	235800	随時	北区赤羽北2-15	1977	121900	UR	13	JR埼京線「北赤羽」駅 徒歩6～7分	https://www.ur-net.go.jp/chintai/kanto/tokyo/20_2800_room.html?JKSS=000011325	35.784081	139.705338	https://maps.google.com/?q=35.784081,139.705338	2026-08-01T01:39:24Z	2026-08-02T01:36:01Z	9.9	24
ur_83439f024fa359ad	赤羽北二丁目ハイツ　605号室	北区		UR賃貸住宅	1LDK	48㎡	48.0	127300円	127300	4600	254600	随時	北区赤羽北2-22-10	1987	131900	UR	6	JR埼京線「北赤羽」駅 徒歩5分	https://www.ur-net.go.jp/chintai/kanto/tokyo/20_4010_room.html?JKSS=000000605	35.784718	139.705093	https://maps.google.com/?q=35.784718,139.705093	2026-07-30T05:36:08Z	2026-08-02T01:36:01Z	9.9	24
ur_36e1fbcd073e48be	豊島五丁目　8号棟314号室	北区		UR賃貸住宅	2DK	49㎡	49.0	86700円	86700	3300	173400	随時	北区豊島5-4ほか	1973	90000	UR	3	JR京浜東北・根岸線「王子」駅バス7分 徒歩2～6分, 東京メトロ南北線「王子」駅バス7分 徒歩2～6分	https://www.ur-net.go.jp/chintai/kanto/tokyo/20_2320_room.html?JKSS=000080314	35.766525	139.750854	https://maps.google.com/?q=35.766525,139.750854	2026-08-01T01:39:24Z	2026-08-02T01:36:01Z	9.9	24
ur_5b478ff39a521c27	豊島五丁目　10号棟417号室	北区		UR賃貸住宅	2DK	49㎡	49.0	86800円	86800	3300	173600	随時	北区豊島5-4ほか	1974	90100	UR	4	JR京浜東北・根岸線「王子」駅バス7分 徒歩2～6分, 東京メトロ南北線「王子」駅バス7分 徒歩2～6分	https://www.ur-net.go.jp/chintai/kanto/tokyo/20_2320_room.html?JKSS=000100417	35.766525	139.750854	https://maps.google.com/?q=35.766525,139.750854	2026-08-01T05:37:08Z	2026-08-02T01:36:01Z	9.9	24
d53a9adc612b6a59	落合 4-6-2-701	多摩市	子育・ 高齢	一般賃貸住宅（期限付）	2DK	44.74	44.74	54500	54500	3600	109000	即入居可	多摩市落合４－６－２	1976	58100	JKK	7		https://www.to-kousya.or.jp/chintai/reco/ochiai.html	35.61612178	139.4312559	https://maps.google.com/?q=35.61612178,139.4312559	2026-07-14T01:14:36Z	2026-07-18T22:28:16Z	28.3	67
5e8fd13dca85ff97	落合 4-3-1-507	多摩市	応援	一般賃貸住宅（期限付）	3DK	51.38	51.38	55200	55200	3000	110400	即入居可	多摩市落合４－３－１	1975	58200	JKK	5		https://www.to-kousya.or.jp/chintai/reco/ochiai.html	35.61612178	139.4312559	https://maps.google.com/?q=35.61612178,139.4312559	2026-05-31T03:05:08Z	2026-07-18T22:28:16Z	28.3	67
8ae5cd47c7eae78b	落合 4-3-3-403	多摩市	応援	一般賃貸住宅（期限付）	3DK	51.38	51.38	56200	56200	3000	112400	即入居可	多摩市落合４－３－３	1975	59200	JKK	4		https://www.to-kousya.or.jp/chintai/reco/ochiai.html	35.61612178	139.4312559	https://maps.google.com/?q=35.61612178,139.4312559	2026-05-31T03:05:08Z	2026-07-18T22:28:16Z	28.3	67
272a46d14df061af	落合 4-3-3-507	多摩市	応援	一般賃貸住宅（期限付）	3DK	51.38	51.38	56200	56200	3000	112400	即入居可	多摩市落合４－３－３	1975	59200	JKK	5		https://www.to-kousya.or.jp/chintai/reco/ochiai.html	35.61612178	139.4312559	https://maps.google.com/?q=35.61612178,139.4312559	2026-05-31T03:05:08Z	2026-07-18T22:28:16Z	28.3	67
fdf05cae5d0a7024	落合 4-3-3-510	多摩市	応援	一般賃貸住宅（期限付）	3DK	51.38	51.38	56200	56200	3000	112400	即入居可	多摩市落合４－３－３	1975	59200	JKK	5		https://www.to-kousya.or.jp/chintai/reco/ochiai.html	35.61612178	139.4312559	https://maps.google.com/?q=35.61612178,139.4312559	2026-07-03T07:31:06Z	2026-07-18T22:28:16Z	28.3	67
65236df2d2cf1acc	落合 4-3-1-401	多摩市	一般	一般賃貸住宅（期限付）	3DK	51.38	51.38	56200	56200	3000	112400	即入居可	多摩市落合４－３－１	1975	59200	JKK	4		https://www.to-kousya.or.jp/chintai/reco/ochiai.html	35.61612178	139.4312559	https://maps.google.com/?q=35.61612178,139.4312559	2026-07-10T09:45:17Z	2026-07-18T22:28:16Z	28.3	67
6d5bd851a8ec42de	落合 4-3-2-505	多摩市	応援	一般賃貸住宅（期限付）	3DK	52.59	52.59	55200	55200	3000	110400	即入居可	多摩市落合４－３－２	1975	58200	JKK	5		https://www.to-kousya.or.jp/chintai/reco/ochiai.html	35.61612178	139.4312559	https://maps.google.com/?q=35.61612178,139.4312559	2026-05-31T03:05:08Z	2026-07-18T22:28:16Z	28.3	67
54227004272b8947	落合 4-3-5-406	多摩市	応援	一般賃貸住宅（期限付）	3DK	52.59	52.59	55200	55200	3000	110400	即入居可	多摩市落合４－３－５	1975	58200	JKK	4		https://www.to-kousya.or.jp/chintai/reco/ochiai.html	35.61612178	139.4312559	https://maps.google.com/?q=35.61612178,139.4312559	2026-05-31T03:05:08Z	2026-07-18T22:28:16Z	28.3	67
a40089257eb4177b	落合 4-3-5-503	多摩市	応援	一般賃貸住宅（期限付）	3DK	52.59	52.59	56300	56300	3000	112600	即入居可	多摩市落合４－３－５	1975	59300	JKK	5		https://www.to-kousya.or.jp/chintai/reco/ochiai.html	35.61612178	139.4312559	https://maps.google.com/?q=35.61612178,139.4312559	2026-06-04T07:59:55Z	2026-07-18T22:28:16Z	28.3	67
ur_e28a33d78a823e60	エルアージュ小石川　1704号室	文京区		UR賃貸住宅	1K	37㎡	37.0	163000円	163000	5300	326000	随時	文京区小石川1-17-1	2001	168300	UR	17	都営三田線ほか｢春日｣駅 徒歩5分, 東京メトロ丸ノ内線ほか｢後楽園｣駅 徒歩7分	https://www.ur-net.go.jp/chintai/kanto/tokyo/20_6310_room.html?JKSS=000001704	35.713978	139.750977	https://maps.google.com/?q=35.713978,139.750977	2026-08-01T13:13:40Z	2026-08-02T01:36:01Z	4.7	19
2991b034abec3285	平山 19-1950	日野市	一般	一般賃貸住宅（期限付）	2K	32.85	32.85	36100	36100	1400	72200	即入居可	日野市東平山１－７－１２	1965	37500	JKK	5		https://www.to-kousya.or.jp/chintai/reco/hirayama.html	35.64954656	139.3774428	https://maps.google.com/?q=35.64954656,139.3774428	2026-07-15T06:10:14Z	2026-07-18T22:28:16Z	32.7	72
1ec068ca25121b41	昭島田中町 22-502	昭島市	応援	一般賃貸住宅	2DK	48.32	48.32	48900	48900	2400	97800	即入居可	昭島市田中町３－５－２２	1979	51300	JKK	5		https://www.to-kousya.or.jp/chintai/reco/akishimatanakacho.html	35.70066929	139.3516303	https://maps.google.com/?q=35.70066929,139.3516303	2026-07-17T07:03:36Z	2026-07-18T22:28:16Z	36.7	76
70fc29fa3c43a06b	昭島田中町 4-402	昭島市	応援	一般賃貸住宅	3DK	58.28	58.28	54000	54000	2400	108000	即入居可	昭島市田中町３－５－４	1979	56400	JKK	4		https://www.to-kousya.or.jp/chintai/reco/akishimatanakacho.html	35.70066929	139.3516303	https://maps.google.com/?q=35.70066929,139.3516303	2026-07-08T07:18:32Z	2026-07-18T22:28:16Z	36.7	76
f51cf82e2bd92fc2	久留米西 24-506	東久留米市	一般	一般賃貸住宅（期限付）	3K	39.9	39.9	39100	39100	2000	78200	即入居可	東久留米市下里４－１－２４	1971	41100	JKK	5		https://www.to-kousya.or.jp/chintai/reco/kurumenishi.html	35.75267125	139.4973137	https://maps.google.com/?q=35.75267125,139.4973137	2026-07-17T07:35:58Z	2026-07-18T22:28:16Z	23.6	47
7f058a0b63dd8982	久留米西 35-303	東久留米市	一般	一般賃貸住宅（期限付）	2DK+S	51.74	51.74	47700	47700	2000	95400	即入居可	東久留米市下里４－１－３５	1971	49700	JKK	3		https://www.to-kousya.or.jp/chintai/reco/kurumenishi.html	35.75267125	139.4973137	https://maps.google.com/?q=35.75267125,139.4973137	2026-07-15T07:31:30Z	2026-07-18T22:28:16Z	23.6	47
448085af035acc5f	コーシャハイム玉川上水 1-903	東大和市	子育・ 高齢	一般賃貸住宅	3DK	60.38	60.38	82400	82400	3400	164800	即入居可	東大和市桜が丘３－４４－３２－１	1987	85800	JKK	9		https://www.to-kousya.or.jp/chintai/reco/kh_tamagawajousui.html	35.73295218	139.4183198	https://maps.google.com/?q=35.73295218,139.4183198	2026-07-14T08:02:40Z	2026-07-18T22:28:16Z	30.8	75
ur_146c082fcf26c7e5	高島平　2-26-5号棟802号室	板橋区		UR賃貸住宅	2DK	46㎡	46.0	92600円	92600	4200	185200	随時	板橋区高島平2ほか	1972	96800	UR	8	都営三田線「高島平」駅 徒歩2～11分, 都営三田線「新高島平」駅 徒歩4～22分	https://www.ur-net.go.jp/chintai/kanto/tokyo/20_2250_room.html?JKSS=226050802	35.785172	139.662704	https://maps.google.com/?q=35.785172,139.662704	2026-07-31T01:39:19Z	2026-08-02T01:36:01Z	10.5	25
ur_ea296473a62d3afd	高島平　2-26-4号棟804号室	板橋区		UR賃貸住宅	2DK	46㎡	46.0	94300円	94300	4200	188600	随時	板橋区高島平2ほか	1972	98500	UR	8	都営三田線「高島平」駅 徒歩2～11分, 都営三田線「新高島平」駅 徒歩4～22分	https://www.ur-net.go.jp/chintai/kanto/tokyo/20_2250_room.html?JKSS=226040804	35.785172	139.662704	https://maps.google.com/?q=35.785172,139.662704	2026-07-31T01:39:19Z	2026-08-02T01:36:01Z	10.5	25
ur_f516e4e3a39a750b	エステート篠崎（下篠崎町）　1号棟704号室	江戸川区		UR賃貸住宅	2DK	50㎡	50.0	110000円	110000	4900	220000	随時	江戸川区下篠崎町18	1977	114900	UR	7	都営新宿線「篠崎」駅 徒歩17～19分, 都営新宿線「篠崎」駅バス5分 徒歩2～3分, JR総武線「小岩」駅バス24分 徒歩2～3分	https://www.ur-net.go.jp/chintai/kanto/tokyo/20_2770_room.html?JKSS=000010704	35.701355	139.913208	https://maps.google.com/?q=35.701355,139.913208	2026-07-31T05:38:39Z	2026-08-02T01:36:01Z	11.0	26
ur_b87c47bf2bd270dc	恵比寿ビュータワー　1510号室	目黒区		UR賃貸住宅	1LDK	58㎡	58.0	325100円	325100	4500	650200	随時	目黒区三田1-4-4	1995	329600	UR	15	JR山手線ほか｢恵比寿｣駅 徒歩9分	https://www.ur-net.go.jp/chintai/kanto/tokyo/20_5180_room.html?JKSS=000001510	35.642166	139.716095	https://maps.google.com/?q=35.642166,139.716095	2026-08-01T15:12:35Z	2026-08-02T01:36:01Z	6.0	19
3a0a60eefd09f294	富士見町 14-207	立川市	高齢	一般賃貸住宅（期限付）	2DK	34.56	34.56	44800	44800	2200	89600	即入居可	立川市富士見町６－１４	1967	47000	JKK	2		https://www.to-kousya.or.jp/chintai/reco/fujimicho.html	35.69379528	139.3943638	https://maps.google.com/?q=35.69379528,139.3943638	2026-07-17T07:03:36Z	2026-07-18T22:28:16Z	32.0	74
a677ef882cf09a3b	富士見町東 45-407	立川市	応援	一般賃貸住宅	2DK	48.32	48.32	64800	64800	2100	129600	即入居可	立川市富士見町７－４５	1978	66900	JKK	4		https://www.to-kousya.or.jp/chintai/reco/fujimichohigashi.html	35.69176395	139.3975986	https://maps.google.com/?q=35.69176395,139.3975986	2026-06-24T01:02:12Z	2026-07-18T22:28:16Z	32.0	74
a7e049f87e09183b	富士見町東 42-408	立川市	応援	一般賃貸住宅	2DK	48.32	48.32	68200	68200	2100	136400	即入居可	立川市富士見町７－４２	1978	70300	JKK	4		https://www.to-kousya.or.jp/chintai/reco/fujimichohigashi.html	35.69176395	139.3975986	https://maps.google.com/?q=35.69176395,139.3975986	2026-07-01T03:03:44Z	2026-07-18T22:28:16Z	32.0	74
9428a896ff70e80b	江の島道東 7-714	立川市	高齢	一般賃貸住宅（期限付）	2DK+S	51.75	51.75	59900	59900	2100	119800	即入居可	立川市栄町５－２１－１	1962	62000	JKK	1		https://www.to-kousya.or.jp/chintai/reco/enoshimamichihigashi.html	35.71567395	139.4260992	https://maps.google.com/?q=35.71567395,139.4260992	2026-07-17T07:03:36Z	2026-07-18T22:28:16Z	32.0	74
ur_9418c1237c89a0b4	パークサイド石神井　1号棟408号室	練馬区		UR賃貸住宅	1DK	38㎡	38.0	101100円	101100	9900	202200	2026年8月4日以降	練馬区石神井台3-26 ほか	1997	111000	UR	4	西武池袋線「大泉学園」駅 徒歩15～19分, 西武池袋線「大泉学園」駅バス4分 徒歩6～9分, 西武池袋線「石神井公園」駅 徒歩18～21分	https://www.ur-net.go.jp/chintai/kanto/tokyo/20_5250_room.html?JKSS=000010408	35.742489	139.589966	https://maps.google.com/?q=35.742489,139.589966	2026-08-01T01:39:24Z	2026-08-02T01:36:01Z	15.8	39
ur_ccead4f978d3d057	光が丘パークタウン 大通り中央　3-9-2号棟513号室	練馬区	優先	UR賃貸住宅	1LDK	54㎡	54.0	147200円	147200	6700	294400	随時	練馬区光が丘3-9-1ほか	1992	153900	UR	5	都営大江戸線「光が丘」駅 徒歩2～3分, 東京メトロ有楽町線「地下鉄成増」駅バス9～10分 徒歩3～4分, 東武東上線「成増」駅バス10～11分 徒歩3～4分	https://www.ur-net.go.jp/chintai/kanto/tokyo/20_4550_room.html?JKSS=309020513	35.757977	139.625824	https://maps.google.com/?q=35.757977,139.625824	2026-08-01T01:39:24Z	2026-08-02T01:36:01Z	15.8	39
ur_43a5813e67df5c57	光が丘パークタウン いちょう通り八番街　3-8-12号棟1007号室	練馬区	優先	UR賃貸住宅	3DK	63㎡	63.0	154000円	154000	4400	308000	随時	練馬区光が丘3-8	1986	158400	UR	10	都営大江戸線「光が丘」駅 徒歩2～4分, 東京メトロ有楽町線「地下鉄成増」駅バス10分 徒歩5～7分, 東武東上線「成増」駅バス11分 徒歩5～7分	https://www.ur-net.go.jp/chintai/kanto/tokyo/20_3910_room.html?JKSS=308121007				2026-08-02T01:36:01Z	2026-08-02T01:36:01Z	15.8	39
ur_adccda6e04433be3	光が丘パークタウン いちょう通り八番街　3-8-8号棟204号室	練馬区	優先	UR賃貸住宅	4DK	70㎡	70.0	185300円	185300	3600	370600	随時	練馬区光が丘3-8	1986	188900	UR	2	都営大江戸線「光が丘」駅 徒歩2～4分, 東京メトロ有楽町線「地下鉄成増」駅バス10分 徒歩5～7分, 東武東上線「成増」駅バス11分 徒歩5～7分	https://www.ur-net.go.jp/chintai/kanto/tokyo/20_3910_room.html?JKSS=308080204	35.756989	139.62706	https://maps.google.com/?q=35.756989,139.62706	2026-08-01T01:39:24Z	2026-08-02T01:36:01Z	15.8	39
ur_2b6119e6226bb97a	アンサンブル宮地　505号室	荒川区		UR賃貸住宅	1DK	46㎡	46.0	120200円	120200	8800	240400	随時	荒川区荒川3-76-1	1989	129000	UR	5	JR常磐線｢三河島｣駅 徒歩5分, 京成本線｢新三河島｣駅 徒歩5分, 東京メトロ千代田線｢町屋｣駅 徒歩9分	https://www.ur-net.go.jp/chintai/kanto/tokyo/20_4320_room.html?JKSS=000000505	35.73658	139.777786	https://maps.google.com/?q=35.73658,139.777786	2026-08-01T01:39:24Z	2026-08-02T01:36:01Z	8.3	21
ur_228cb85042b46db6	アーバンライフ東新小岩　3号棟609号室	葛飾区		UR賃貸住宅	1DK	45㎡	45.0	137200円	137200	4300	274400	随時	葛飾区東新小岩3-8	1994	141500	UR	6	JR総武線快速「新小岩」駅 徒歩9～11分, JR総武線「新小岩」駅 徒歩9～11分	https://www.ur-net.go.jp/chintai/kanto/tokyo/20_5020_room.html?JKSS=000030609	35.722328	139.859055	https://maps.google.com/?q=35.722328,139.859055	2026-08-01T07:37:21Z	2026-08-02T01:36:01Z	11.8	29
ur_ea8da9929b918b1b	金町第二　1号棟738号室	葛飾区		UR賃貸住宅	2LDK	63㎡	63.0	111300円	111300	4400	222600	随時	葛飾区南水元3-6ほか	1978	115700	UR	7	JR常磐線「金町」駅 徒歩10～12分, 京成金町線「京成金町」駅 徒歩12～14分, JR常磐線「金町」駅バス3分 徒歩1分	https://www.ur-net.go.jp/chintai/kanto/tokyo/20_2950_room.html?JKSS=000010738	35.775391	139.865845	https://maps.google.com/?q=35.775391,139.865845	2026-07-28T01:38:27Z	2026-08-02T01:36:01Z	11.8	29
ur_eae53348d7b6eb26	金町駅前　1号棟1333号室	葛飾区		UR賃貸住宅	3K	51㎡	51.0	94300円	94300	3500	188600	随時	葛飾区東金町1-36	1968	97800	UR	13	JR常磐線「金町」駅 徒歩3～5分, 京成金町線「京成金町」駅 徒歩4～7分	https://www.ur-net.go.jp/chintai/kanto/tokyo/20_1650_room.html?JKSS=000011333	35.772053	139.870987	https://maps.google.com/?q=35.772053,139.870987	2026-08-01T07:37:21Z	2026-08-02T01:36:01Z	11.8	29
ur_242d83fbb5cdae4f	金町第二　1号棟242号室	葛飾区		UR賃貸住宅	3DK	63㎡	63.0	116400円	116400	4400	232800	随時	葛飾区南水元3-6ほか	1978	120800	UR	2	JR常磐線「金町」駅 徒歩10～12分, 京成金町線「京成金町」駅 徒歩12～14分, JR常磐線「金町」駅バス3分 徒歩1分	https://www.ur-net.go.jp/chintai/kanto/tokyo/20_2950_room.html?JKSS=000010242	35.775391	139.865845	https://maps.google.com/?q=35.775391,139.865845	2026-08-01T09:42:11Z	2026-08-02T01:36:01Z	11.8	29
ur_8014cada86311fdd	ハートアイランド新田一番街　2号棟807号室	足立区		UR賃貸住宅	1LDK	55㎡	55.0	123800円	123800	7600	247600	随時	足立区新田3―36	2004	131400	UR	8	JR京浜東北・根岸線「王子」駅バス13分 徒歩1～2分, 東京メトロ南北線「王子神谷」駅 徒歩19～20分	https://www.ur-net.go.jp/chintai/kanto/tokyo/20_6740_room.html?JKSS=000020807	35.771393	139.748642	https://maps.google.com/?q=35.771393,139.748642	2026-07-31T01:39:19Z	2026-08-02T01:36:01Z	12.8	28
ur_36ea38dbf12da420	ハートアイランド新田一番街　1号棟204号室	足立区		UR賃貸住宅	1LDK	63㎡	63.0	134700円	134700	7600	269400	随時	足立区新田3―36	2004	142300	UR	2	JR京浜東北・根岸線「王子」駅バス13分 徒歩1～2分, 東京メトロ南北線「王子神谷」駅 徒歩19～20分	https://www.ur-net.go.jp/chintai/kanto/tokyo/20_6740_room.html?JKSS=000010204	35.771393	139.748642	https://maps.google.com/?q=35.771393,139.748642	2026-07-26T15:14:29Z	2026-08-02T01:36:01Z	12.8	28
ur_b2940291989f00c5	竹の塚第一　11号棟405号室	足立区		UR賃貸住宅	2DK	40㎡	40.0	75600円	75600	3500	151200	随時	足立区竹の塚3-11ほか	1965	79100	UR	4	東武伊勢崎線「竹ノ塚」駅 徒歩11～16分, 東武伊勢崎線「竹ノ塚」駅バス2～3分 徒歩2～7分, JR常磐線「北千住」駅バス16～18分 徒歩1～5分	https://www.ur-net.go.jp/chintai/kanto/tokyo/20_1300_room.html?JKSS=000011405	35.79221	139.800156	https://maps.google.com/?q=35.79221,139.800156	2026-08-01T09:42:11Z	2026-08-02T01:36:01Z	12.8	28
